"source_file","PDF_page","HFC_evidence_or_source_id","source_data_checked","verdict","scope_and_caveat"
"HyTEC_11_Vargo_2021_Head-neck_reirradiation_TCP.pdf","6","hytec-hn-reirradiation-local-control","1-year LC ~50% at 25.6 Gy (5-fx eq); ~60% at 40.7 Gy","matched","prose; nominal alpha/beta 10 Gy; 1-y fit not significant"
"HyTEC_11_Vargo_2021_Head-neck_reirradiation_TCP.pdf","7","hytec-hn-reirradiation-local-control","2-year D50 45.1 Gy and 3-year D50 49.8 Gy (5-fx eq)","matched","Table 4; table reports 1-y D50 25.5 vs prose example 25.6; not an error"
"HyTEC_17_Mahadevan_2021_Pancreas_SBRT.pdf","2 and 8","hytec-pancreas-1y-local-control","33 Gy/5 -> 28.2 Gy/3-equivalent; 1-y LC 77% unresected; >90% R0","matched","no universal patient-specific prognosis"
"HyTEC_10_Sahgal_2021_Spinal_cord_tolerance.pdf","1 and 11","hytec-spinal-cord-reirradiation-lower-risk-factors","cumulative EQD2_2 Dmax <=70; current <=25; ratio <=0.5; interval >=5 months","matched","thecal-sac; lower-risk factors, not absolute thresholds"
"HyTEC_07_Milano_2021_Optic_pathways_tolerance.pdf","2 and 10","hytec-optic-dmax-1fx-10gy","Dmax 10 Gy/1fx recommended; 20 Gy/3fx; 25 Gy/5fx","matched","no prior RT; 12 Gy/1fx modeled <1% but not recommended"
"HyTEC_06_Milano_2021_Brain_tolerance_SRS.pdf","2","hytec-brain-v12-5cc-symptomatic-rn","V12 5, 10, >15 cc -> ~10%, 15%, 20% symptomatic RN","matched","V12 tissue includes target; not Brain-PTV"
"HyTEC_12_Grimm_2021_Carotid_blowout_tolerance.pdf","7","hytec-major-vessel-dmax-5fx-20gy-risk","Dmax 20 Gy -> ~2% and 30 Gy -> ~12% grade 3-5 bleeding","matched","prior conventional dose omitted from x axis; pooled and heterogeneous"
"HyTEC_14_Kong_2021_Lung_parenchyma_tolerance.pdf","2","hytec-lung-rilt-mean-dose-under8gy","combined-lung MLD <8 Gy and V20 ~<10%-15%; symptomatic RILT <10%-15% in most cohorts","matched","observational, not universal threshold; ILD strongly modifies risk"
"HyTEC_13_Lee_2021_NSCLC_stage_I_local_control.pdf","2 and 5","nsclc-stage-i-size-adjusted-2y-tcp","regrowth model predicted PTV 43±1/47±1/50±1 Gy for 3/4/5 fractions","context-matched","HFC numeric 2-year size-adjusted points come from Ohri 2012 NOT included among these 60 PDFs"
"HyTEC_15_Ohri_2021_Liver_tumors_local_control.pdf","2 and 3","hytec-liver-metastases-bed10-local-control","liver metastases 3-year LC 93% with BED10>100 vs 65% at <=100","matched","observational binning; no claim of universal step-function threshold"
"HyTEC_21_Klement_2021_Letter_In_regard_to_Ohri.pdf","1-2","hytec-liver-metastases-bed10-local-control","criticises 100 Gy10 cutoffs/alpha-beta selection and outdated pooled series","context-flag","correspondence not independently registered as clinical evidence"
"HyTEC_22_Ohri_2021_Letter_Reply_to_Klement.pdf","1","hytec-liver-metastases-bed10-local-control","authors agree 100 Gy BED cutoff may not be relevant to all histologies and TCP not step-function","context-flag","scientific caveat should accompany any use of categorical point"
"HyTEC_19_Royce_2021_Prostate_TCP.pdf","2","hytec-prostate-sbrt-5y-tcp","31.7/36.1 Gy in 5fx -> 90%/95% 5-year bRFS low-intermediate risk; 37.6/38.7 high risk","matched","source-specific alpha/beta 1.5 not automatic prostate default"
"Vogelius_Bentzen_2020_IJROBP_prostate_alpha-beta.pdf","1 and 3","ab-prostate-biochemical-control-vb2020","pooled alpha/beta 1.6 Gy 95% CI 1.3-2.0; I2=70%","matched","significant heterogeneity and possible saturation >80 Gy EQD2"
"Brand_2021_IJROBP_rectal_alpha-beta.pdf","2 and 8","ab-rectum-bleeding-g1-brand2021","bleeding G1+ alpha/beta 1.6 (0.9-2.5); pain G1+ 3.6 (0-839.6)","matched","endpoint-specific, extremely poor pain precision handled without default"
"Brand_2022_IJROBP_GU_alpha-beta.pdf","2 and 6","ab-gu-hematuria-g1-brand2023","dysuria G1+ 2.0; hematuria G1+ 0.9; hematuria G2+ 0.6 Gy","matched","journal volume 115(2) 2023; article online/copyright 2022"
"FAST-Forward_10y_LancetOncol2026_appendix.pdf","21","ab-breast-ibr-fastforward2026-adjusted","IBR adjusted alpha/beta 3.3 (1.9-4.9); chest-wall AE 2.1 (1.6-2.6)","matched","Table D5; corrected appendix dated August 24 2026"
"Appelt_2025_RadiotherOncol_ESTRO_cumulative_dose.pdf","1-2","appelt-2026-cumulative-dose-reirradiation","2026 journal vol 214 111313; published online 2025-11-27","bibliography-matched","2025 filename reflects online year; 2026 registered issue year consistent"
