filename,bytes,upload_batch,group,document_role,registered_source_id,source_crosswalk,review_state,sha256,doi_verified
"HyTEC_06_Milano_2021_Brain_tolerance_SRS_supplement_1.doc","674304","1","HyTEC core","supplement","milano-2021-hytec-brain","supplement linked; no standalone source object","selected numeric points independently checked","NOT COMPUTED","PENDING"
"HyTEC_01_Grimm_2021_Overview.pdf","423280","1","HyTEC core","primary article","grimm-2021-hytec-overview","registered primary source","file indexed; numerical review pending","NOT COMPUTED","PENDING"
"HyTEC_02_Moiseenko_2021_Dose-response_modeling_primer.pdf","993513","1","HyTEC core","primary article","moiseenko-2021-hytec-modeling-primer","registered primary source","file indexed; numerical review pending","NOT COMPUTED","PENDING"
"HyTEC_02_Moiseenko_2021_Dose-response_modeling_primer_supplement.docx","1164131","1","HyTEC core","supplement","moiseenko-2021-hytec-modeling-primer","supplement linked; no standalone source object","file indexed; numerical review pending","NOT COMPUTED","PENDING"
"HyTEC_03_Song_2021_Biological_principles_SBRT_SRS.pdf","2564334","1","HyTEC core","primary article","song-2021-hytec-biological-principles","registered primary source","file indexed; numerical review pending","NOT COMPUTED","PENDING"
"HyTEC_04_Marciscano_2021_Immunomodulatory_effects_SBRT.pdf","1524742","1","HyTEC core","primary article","marciscano-2021-hytec-immunomodulation","registered primary source","file indexed; numerical review pending","NOT COMPUTED","PENDING"
"HyTEC_04_Marciscano_2021_Immunomodulatory_effects_SBRT_supplement.docx","96777","1","HyTEC core","supplement","marciscano-2021-hytec-immunomodulation","supplement linked; no standalone source object","file indexed; numerical review pending","NOT COMPUTED","PENDING"
"HyTEC_05_Redmond_2021_Brain_metastases_TCP.pdf","1768284","1","HyTEC core","primary article","redmond-2021-hytec-brain-mets-tcp","registered primary source","file indexed; numerical review pending","NOT COMPUTED","PENDING"
"HyTEC_05_Redmond_2021_Brain_metastases_TCP_supplement.pdf","1050989","1","HyTEC core","supplement","redmond-2021-hytec-brain-mets-tcp","supplement linked; no standalone source object","file indexed; numerical review pending","NOT COMPUTED","PENDING"
"HyTEC_06_Milano_2021_Brain_tolerance_SRS.pdf","1031982","1","HyTEC core","primary article","milano-2021-hytec-brain","registered primary source","selected numeric points independently checked","NOT COMPUTED","PENDING"
"HyTEC_11_Vargo_2021_Head-neck_reirradiation_TCP.pdf","1006737","2","HyTEC core","primary article","vargo-2021-hytec-hn-reirradiation-tcp","registered primary source","selected numeric points independently checked","NOT COMPUTED","PENDING"
"HyTEC_06_Milano_2021_Brain_tolerance_SRS_supplement_2.doc","37376","2","HyTEC core","supplement","milano-2021-hytec-brain","supplement linked; no standalone source object","selected numeric points independently checked","NOT COMPUTED","PENDING"
"HyTEC_06_Milano_2021_Brain_tolerance_SRS_supplement_3.docx","686684","2","HyTEC core","supplement","milano-2021-hytec-brain","supplement linked; no standalone source object","selected numeric points independently checked","NOT COMPUTED","PENDING"
"HyTEC_07_Milano_2021_Optic_pathways_tolerance.pdf","772660","2","HyTEC core","primary article","milano-2021-hytec-optic","registered primary source","selected numeric points independently checked","NOT COMPUTED","PENDING"
"HyTEC_07_Milano_2021_Optic_pathways_tolerance_supplement.docx","68021","2","HyTEC core","supplement","milano-2021-hytec-optic","supplement linked; no standalone source object","selected numeric points independently checked","NOT COMPUTED","PENDING"
"HyTEC_08_Soltys_2021_Vestibular_schwannoma_TCP.pdf","597312","2","HyTEC core","primary article","soltys-2021-hytec-vestibular-tcp","registered primary source","file indexed; numerical review pending","NOT COMPUTED","PENDING"
"HyTEC_08_Soltys_2021_Vestibular_schwannoma_TCP_supplement.docx","196968","2","HyTEC core","supplement","soltys-2021-hytec-vestibular-tcp","supplement linked; no standalone source object","file indexed; numerical review pending","NOT COMPUTED","PENDING"
"HyTEC_09_Soltys_2021_Spinal_metastases_TCP.pdf","468281","2","HyTEC core","primary article","soltys-2021-hytec-spinal-mets-tcp","registered primary source","file indexed; numerical review pending","NOT COMPUTED","PENDING"
"HyTEC_09_Soltys_2021_Spinal_metastases_TCP_supplement.docx","96304","2","HyTEC core","supplement","soltys-2021-hytec-spinal-mets-tcp","supplement linked; no standalone source object","file indexed; numerical review pending","NOT COMPUTED","PENDING"
"HyTEC_10_Sahgal_2021_Spinal_cord_tolerance.pdf","1013451","2","HyTEC core","primary article","sahgal-2021-hytec-spinal-cord","registered primary source","selected numeric points independently checked","NOT COMPUTED","PENDING"
"HyTEC_17_Mahadevan_2021_Pancreas_SBRT_supplement.doc","863232","3","HyTEC core","supplement","mahadevan-2021-hytec-pancreas-tcp","supplement linked; no standalone source object","selected numeric points independently checked","NOT COMPUTED","PENDING"
"HyTEC_12_Grimm_2021_Carotid_blowout_tolerance.pdf","1106253","3","HyTEC core","primary article","grimm-2021-hytec-major-vessels","registered primary source","selected numeric points independently checked","NOT COMPUTED","PENDING"
"HyTEC_12_Grimm_2021_Carotid_blowout_tolerance_supplement.doc","402432","3","HyTEC core","supplement","grimm-2021-hytec-major-vessels","supplement linked; no standalone source object","selected numeric points independently checked","NOT COMPUTED","PENDING"
"HyTEC_13_Lee_2021_NSCLC_stage_I_local_control.pdf","931369","3","HyTEC core","primary article","lee-2021-hytec-stage-i-nsclc","registered primary source","selected numeric points independently checked","NOT COMPUTED","PENDING"
"HyTEC_13_Lee_2021_NSCLC_stage_I_local_control_supplement.docx","37759","3","HyTEC core","supplement","lee-2021-hytec-stage-i-nsclc","supplement linked; no standalone source object","selected numeric points independently checked","NOT COMPUTED","PENDING"
"HyTEC_14_Kong_2021_Lung_parenchyma_tolerance.pdf","1293827","3","HyTEC core","primary article","kong-2021-hytec-lung-parenchyma","registered primary source","selected numeric points independently checked","NOT COMPUTED","PENDING"
"HyTEC_14_Kong_2021_Lung_parenchyma_tolerance_supplement.pdf","507622","3","HyTEC core","supplement","kong-2021-hytec-lung-parenchyma","supplement linked; no standalone source object","selected numeric points independently checked","NOT COMPUTED","PENDING"
"HyTEC_15_Ohri_2021_Liver_tumors_local_control.pdf","704218","3","HyTEC core","primary article","ohri-2021-hytec-liver-local-control","registered primary source","selected numeric points independently checked","NOT COMPUTED","PENDING"
"HyTEC_16_Miften_2021_Liver_dose-volume_effects.pdf","764000","3","HyTEC core","primary article","miften-2021-hytec-liver-toxicity","registered primary source","file indexed; numerical review pending","NOT COMPUTED","PENDING"
"HyTEC_17_Mahadevan_2021_Pancreas_SBRT.pdf","537139","3","HyTEC core","primary article","mahadevan-2021-hytec-pancreas-tcp","registered primary source","selected numeric points independently checked","NOT COMPUTED","PENDING"
"HyTEC_19_Royce_2021_Prostate_TCP.pdf","501978","4","HyTEC core","primary article","royce-2021-hytec-prostate-tcp","registered primary source","selected numeric points independently checked","NOT COMPUTED","PENDING"
"HyTEC_19_Royce_2021_Prostate_TCP_supplement.docx","53324","4","HyTEC core","supplement","royce-2021-hytec-prostate-tcp","supplement linked; no standalone source object","selected numeric points independently checked","NOT COMPUTED","PENDING"
"HyTEC_20_Wang_2021_Prostate_toxicity.pdf","730423","4","HyTEC core","primary article","wang-2021-hytec-prostate-toxicity","registered primary source","file indexed; numerical review pending","NOT COMPUTED","PENDING"
"HyTEC_20_Wang_2021_Prostate_toxicity_supplement.docx","427631","4","HyTEC core","supplement","wang-2021-hytec-prostate-toxicity","supplement linked; no standalone source object","file indexed; numerical review pending","NOT COMPUTED","PENDING"
"HyTEC_21_Klement_2021_Letter_In_regard_to_Ohri.pdf","324596","4","HyTEC commentary","correspondence","NOT REGISTERED (correspondence)","correspondence tracked for methodological context","interpretation read; full context pending","NOT COMPUTED","PENDING"
"HyTEC_22_Ohri_2021_Letter_Reply_to_Klement.pdf","256044","4","HyTEC commentary","correspondence","NOT REGISTERED (correspondence)","correspondence tracked for methodological context","interpretation read; full context pending","NOT COMPUTED","PENDING"
"HyTEC_23_Brown_2021_Letter_In_regard_to_Song.pdf","258296","4","HyTEC commentary","correspondence","NOT REGISTERED (correspondence)","correspondence tracked for methodological context","interpretation read; full context pending","NOT COMPUTED","PENDING"
"HyTEC_24_Song_2021_Letter_Reply_to_Brown_Carlson.pdf","258315","4","HyTEC commentary","correspondence","NOT REGISTERED (correspondence)","correspondence tracked for methodological context","interpretation read; full context pending","NOT COMPUTED","PENDING"
"HyTEC_25_Grimm_2021_Letter_Reply_to_Song_and_Brown.pdf","198158","4","HyTEC commentary","correspondence","NOT REGISTERED (correspondence)","correspondence tracked for methodological context","interpretation read; full context pending","NOT COMPUTED","PENDING"
"HyTEC_18_Stumpf_2021_Adrenal_TCP.pdf","603300","4","HyTEC core","primary article","stumpf-2021-hytec-adrenal-tcp","registered primary source","file indexed; numerical review pending","NOT COMPUTED","PENDING"
"ESTRO-EORTC_2022_LancetOncol_reirradiation_consensus_AAM_Manuscript.pdf","340448","5","Other core literature","primary article / guidance","andratschke-2022-estro-eortc-reirradiation","registered primary source","file indexed; numerical review pending","NOT COMPUTED","PENDING"
"Appelt_2025_RadiotherOncol_ESTRO_cumulative_dose.pdf","1437404","5","Other core literature","primary article / guidance","appelt-2026-cumulative-dose-reirradiation","registered primary source","file indexed; numerical review pending","NOT COMPUTED","PENDING"
"Appelt_2025_RadiotherOncol_ESTRO_cumulative_dose_supplement.pdf","199485","5","Other core literature","supplement / figure / table","appelt-2026-cumulative-dose-reirradiation","linked companion file","file indexed; numerical review pending","NOT COMPUTED","PENDING"
"Brand_2021_IJROBP_rectal_alpha-beta.pdf","415610","5","Other core literature","primary article / guidance","brand-2021-chhip-rectal","registered primary source","file indexed; numerical review pending","NOT COMPUTED","PENDING"
"Brand_2021_IJROBP_rectal_supplement.docx","1113168","5","Other core literature","supplement / figure / table","brand-2021-chhip-rectal","linked companion file","file indexed; numerical review pending","NOT COMPUTED","PENDING"
"Brand_2022_IJROBP_GU_alpha-beta.pdf","756398","5","Other core literature","primary article / guidance","brand-2023-chhip-gu","registered primary source","file indexed; numerical review pending","NOT COMPUTED","PENDING"
"Brand_2022_IJROBP_GU_alpha-beta_supplement.docx","165848","5","Other core literature","supplement / figure / table","brand-2023-chhip-gu","linked companion file","file indexed; numerical review pending","NOT COMPUTED","PENDING"
"ESTRO-EORTC_2022_LancetOncol_reirradiation_consensus_AAM_Figure_1.pdf","242074","5","Other core literature","supplement / figure / table","andratschke-2022-estro-eortc-reirradiation","linked companion file","file indexed; numerical review pending","NOT COMPUTED","PENDING"
"ESTRO-EORTC_2022_LancetOncol_reirradiation_consensus_AAM_Figure_2.pdf","189106","5","Other core literature","supplement / figure / table","andratschke-2022-estro-eortc-reirradiation","linked companion file","file indexed; numerical review pending","NOT COMPUTED","PENDING"
"ESTRO-EORTC_2022_LancetOncol_reirradiation_consensus_AAM_Figure_3.pdf","1156638","5","Other core literature","supplement / figure / table","andratschke-2022-estro-eortc-reirradiation","linked companion file","file indexed; numerical review pending","NOT COMPUTED","PENDING"
"Vogelius_Bentzen_2020_IJROBP_prostate_alpha-beta.xml","50036","6","Other core literature","structured full text","vogelius-bentzen-2020-prostate","linked companion file","file indexed; numerical review pending","NOT COMPUTED","PENDING"
"ESTRO-EORTC_2022_LancetOncol_reirradiation_consensus_AAM_Tables.pdf","238711","6","Other core literature","supplement / figure / table","andratschke-2022-estro-eortc-reirradiation","linked companion file","file indexed; numerical review pending","NOT COMPUTED","PENDING"
"FAST_10y_JCO2020.pdf","1001306","6","Other core literature","primary article / guidance","brunt-2020-fast-10y","registered primary source","file indexed; numerical review pending","NOT COMPUTED","PENDING"
"FAST-Forward_5y_Lancet2020.pdf","521602","6","Other core literature","primary article / guidance","brunt-2020-fast-forward-5y","registered primary source","file indexed; numerical review pending","NOT COMPUTED","PENDING"
"FAST-Forward_5y_Lancet2020_appendix.pdf","4841791","6","Other core literature","supplement / figure / table","brunt-2020-fast-forward-5y","linked companion file","file indexed; numerical review pending","NOT COMPUTED","PENDING"
"FAST-Forward_10y_LancetOncol2026.pdf","899014","6","Other core literature","primary article / guidance","brunt-2026-fast-forward-10y","registered primary source","file indexed; numerical review pending","NOT COMPUTED","PENDING"
"FAST-Forward_10y_LancetOncol2026_appendix.pdf","4634398","6","Other core literature","supplement / figure / table","brunt-2026-fast-forward-10y","linked companion file","file indexed; numerical review pending","NOT COMPUTED","PENDING"
"RCR_Principles_of_Reirradiation_2024.pdf","181868","6","Other core literature","primary article / guidance","rcr-2024-principles-reirradiation","registered primary source","file indexed; numerical review pending","NOT COMPUTED","PENDING"
"Vogelius_Bentzen_2020_IJROBP_prostate_alpha-beta.pdf","961244","6","Other core literature","primary article / guidance","vogelius-bentzen-2020-prostate","registered primary source","file indexed; numerical review pending","NOT COMPUTED","PENDING"
"RCR_Dose_Fractionation_4th_ed_2024.pdf","1502180","6","Other core literature","primary article / guidance","rcr-2024-dose-fractionation","registered primary source","file indexed; numerical review pending","NOT COMPUTED","PENDING"
