"source_document","PDF_page","endpoint","record_id","source_alpha_beta_Gy","source_CI95_lo_Gy","source_CI95_hi_Gy","HFC_value_Gy","HFC_CI95_lo","HFC_CI95_hi","result"
"Brand_2021_IJROBP_rectal_alpha-beta.pdf","8","Bleeding G1þ","ab-rectum-bleeding-g1-brand2021","1.6","0.9","2.5","1.6","0.9","2.5","MATCH"
"Brand_2021_IJROBP_rectal_alpha-beta.pdf","8","Bleeding G2þ","ab-rectum-bleeding-g2-brand2021","1.7","0.7","3","1.7","0.7","3","MATCH"
"Brand_2021_IJROBP_rectal_alpha-beta.pdf","8","Frequency G1þ","ab-rectum-frequency-g1-brand2021","2.3","0.9","5.3","2.3","0.9","5.3","MATCH"
"Brand_2021_IJROBP_rectal_alpha-beta.pdf","8","Frequency G2þ","ab-rectum-frequency-g2-brand2021","2.7","0.9","8.5","2.7","0.9","8.5","MATCH"
"Brand_2021_IJROBP_rectal_alpha-beta.pdf","8","Pain G1þ","ab-rectum-pain-g1-brand2021","3.6","0","839.6","3.6","0","839.6","MATCH"
"Brand_2021_IJROBP_rectal_alpha-beta.pdf","8","Proctitis G1þ","ab-rectum-proctitis-g1-brand2021","2.7","1.5","5.4","2.7","1.5","5.4","MATCH"
"Brand_2021_IJROBP_rectal_alpha-beta.pdf","8","Proctitis G2þ","ab-rectum-proctitis-g2-brand2021","2.7","1.3","15.1","2.7","1.3","15.1","MATCH"
"Brand_2021_IJROBP_rectal_alpha-beta.pdf","8","Sphincter control G1þ","ab-rectum-sphincter-g1-brand2021","3.1","1.4","9.1","3.1","1.4","9.1","MATCH"
"Brand_2021_IJROBP_rectal_alpha-beta.pdf","8","Stricture/ulcer G1þ","ab-rectum-stricture-ulcer-g1-brand2021","2.5","0.9","8.2","2.5","0.9","8.2","MATCH"
"Brand_2022_IJROBP_GU_alpha-beta.pdf","6","Dysuria G1+","ab-gu-dysuria-g1-brand2023","2","1.2","3.2","2","1.2","3.2","MATCH"
"Brand_2022_IJROBP_GU_alpha-beta.pdf","6","Dysuria G2+","ab-gu-dysuria-g2-brand2023","1.6","0.1","36","1.6","0.1","36","MATCH"
"Brand_2022_IJROBP_GU_alpha-beta.pdf","6","Haematuria G1+","ab-gu-hematuria-g1-brand2023","0.9","0.1","2.2","0.9","0.1","2.2","MATCH"
"Brand_2022_IJROBP_GU_alpha-beta.pdf","6","Hematuria G2+","ab-gu-hematuria-g2-brand2023","0.6","0.1","1.7","0.6","0.1","1.7","MATCH"
"Brand_2022_IJROBP_GU_alpha-beta.pdf","6","Incontinence G1+","ab-gu-incontinence-g1-brand2023","1","0.1","17.6","1","0.1","17.6","MATCH"
"Brand_2022_IJROBP_GU_alpha-beta.pdf","6","Incontinence G2+","ab-gu-incontinence-g2-brand2023","1.5","0.1","6.2","1.5","0.1","6.2","MATCH"
"Brand_2022_IJROBP_GU_alpha-beta.pdf","6","Reduced ﬂow/stricture G1+","ab-gu-reduced-flow-g1-brand2023","1.9","0.1","424.6","1.9","0.1","424.6","MATCH"
"Brand_2022_IJROBP_GU_alpha-beta.pdf","6","Reduced ﬂow/stricture G2+","ab-gu-reduced-flow-g2-brand2023","0.7","0.1","991.9","0.7","0.1","991.9","MATCH"
"Brand_2022_IJROBP_GU_alpha-beta.pdf","6","Urine frequency G1+","ab-gu-frequency-g1-brand2023","1.9","0.1","997.8","1.9","0.1","997.8","MATCH"
"Brand_2022_IJROBP_GU_alpha-beta.pdf","6","Urine frequency G2+","ab-gu-frequency-g2-brand2023","3.3","0.1","996","3.3","0.1","996","MATCH"
"FAST-Forward_10y_LancetOncol2026_appendix.pdf","21","Appendix D5","ab-breast-ibr-fastforward2026-adjusted","3.3","1.9","4.9","3.3","1.9","4.9","MATCH"
"FAST-Forward_10y_LancetOncol2026_appendix.pdf","21","Appendix D5","ab-breast-ibr-fastforward2026-unadjusted","3.4","1.6","5.2","3.4","1.6","5.2","MATCH"
"FAST-Forward_10y_LancetOncol2026_appendix.pdf","21","Appendix D5","ab-breast-chestwall-any-ae-fastforward2026","2.1","1.6","2.6","2.1","1.6","2.6","MATCH"
