record_kind,id,parent_id,source_id,endpoint_id,hfc_dose_or_metric,hfc_reported_value,followup_or_type,extrapolated,primary_file,source_locator,verification_status,visual_tables_and_ci_verified,caveat,code_file
model_point,brain-mets-le20mm-18gy-1fx,hytec-brain-mets-1y-local-control,redmond-2021-hytec-brain-mets-tcp,brain-metastases-local-control,1fx × 18Gy,>85.00%,1 year,no,HyTEC_05_Redmond_2021_Brain_metastases_TCP.pdf,PDF p2; supplement EA1-EA4,published_fit_point_reproduced_secondary_review_pending,no,1y LC; supplemental BED20,src/data/evidence/v0.1/outcomeModelsHytec.ts
model_point,brain-mets-le20mm-24gy-1fx,hytec-brain-mets-1y-local-control,redmond-2021-hytec-brain-mets-tcp,brain-metastases-local-control,1fx × 24Gy,≈95.00%,1 year,no,HyTEC_05_Redmond_2021_Brain_metastases_TCP.pdf,PDF p2; supplement EA1-EA4,published_fit_point_reproduced_secondary_review_pending,no,1y LC; supplemental BED20,src/data/evidence/v0.1/outcomeModelsHytec.ts
model_point,brain-mets-21-30mm-18gy-1fx,hytec-brain-mets-1y-local-control,redmond-2021-hytec-brain-mets-tcp,brain-metastases-local-control,1fx × 18Gy,≈75.00%,1 year,no,HyTEC_05_Redmond_2021_Brain_metastases_TCP.pdf,PDF p2; supplement EA1-EA4,published_fit_point_reproduced_secondary_review_pending,no,1y LC; supplemental BED20,src/data/evidence/v0.1/outcomeModelsHytec.ts
model_point,brain-mets-31-40mm-15gy-1fx,hytec-brain-mets-1y-local-control,redmond-2021-hytec-brain-mets-tcp,brain-metastases-local-control,1fx × 15Gy,≈69.00%,1 year,no,HyTEC_05_Redmond_2021_Brain_metastases_TCP.pdf,PDF p2; supplement EA1-EA4,published_fit_point_reproduced_secondary_review_pending,no,1y LC; supplemental BED20,src/data/evidence/v0.1/outcomeModelsHytec.ts
model_point,vs-10gy-1fx,hytec-vestibular-schwannoma-3to5y-tcp,soltys-2021-hytec-vestibular-tcp,vestibular-schwannoma-tumour-control,1fx × 10Gy,≈85.00%,3–5 years,yes,HyTEC_08_Soltys_2021_Vestibular_schwannoma_TCP.pdf,PDF p5 Figure1 p7 Eq1-2 p8 modeling p9 Table3; supplement E2-E3,published_fit_point_reproduced_secondary_review_pending,no,LQ vs LQ-L; 10Gy 1fx extrapolated,src/data/evidence/v0.1/outcomeModelsHytec.ts
model_point,vs-11gy-1fx,hytec-vestibular-schwannoma-3to5y-tcp,soltys-2021-hytec-vestibular-tcp,vestibular-schwannoma-tumour-control,1fx × 11Gy,≈88.40%,3–5 years,no,HyTEC_08_Soltys_2021_Vestibular_schwannoma_TCP.pdf,PDF p5 Figure1 p7 Eq1-2 p8 modeling p9 Table3; supplement E2-E3,published_fit_point_reproduced_secondary_review_pending,no,LQ vs LQ-L; 10Gy 1fx extrapolated,src/data/evidence/v0.1/outcomeModelsHytec.ts
model_point,vs-12gy-1fx,hytec-vestibular-schwannoma-3to5y-tcp,soltys-2021-hytec-vestibular-tcp,vestibular-schwannoma-tumour-control,1fx × 12Gy,≈91.20%,3–5 years,no,HyTEC_08_Soltys_2021_Vestibular_schwannoma_TCP.pdf,PDF p5 Figure1 p7 Eq1-2 p8 modeling p9 Table3; supplement E2-E3,published_fit_point_reproduced_secondary_review_pending,no,LQ vs LQ-L; 10Gy 1fx extrapolated,src/data/evidence/v0.1/outcomeModelsHytec.ts
model_point,vs-13gy-1fx,hytec-vestibular-schwannoma-3to5y-tcp,soltys-2021-hytec-vestibular-tcp,vestibular-schwannoma-tumour-control,1fx × 13Gy,≈93.50%,3–5 years,no,HyTEC_08_Soltys_2021_Vestibular_schwannoma_TCP.pdf,PDF p5 Figure1 p7 Eq1-2 p8 modeling p9 Table3; supplement E2-E3,published_fit_point_reproduced_secondary_review_pending,no,LQ vs LQ-L; 10Gy 1fx extrapolated,src/data/evidence/v0.1/outcomeModelsHytec.ts
model_point,vs-18gy-3fx,hytec-vestibular-schwannoma-3to5y-tcp,soltys-2021-hytec-vestibular-tcp,vestibular-schwannoma-tumour-control,3fx × 6Gy,≈93.60%,3–5 years,no,HyTEC_08_Soltys_2021_Vestibular_schwannoma_TCP.pdf,PDF p5 Figure1 p7 Eq1-2 p8 modeling p9 Table3; supplement E2-E3,published_fit_point_reproduced_secondary_review_pending,no,LQ vs LQ-L; 10Gy 1fx extrapolated,src/data/evidence/v0.1/outcomeModelsHytec.ts
model_point,vs-25gy-5fx,hytec-vestibular-schwannoma-3to5y-tcp,soltys-2021-hytec-vestibular-tcp,vestibular-schwannoma-tumour-control,5fx × 5Gy,≈97.20%,3–5 years,no,HyTEC_08_Soltys_2021_Vestibular_schwannoma_TCP.pdf,PDF p5 Figure1 p7 Eq1-2 p8 modeling p9 Table3; supplement E2-E3,published_fit_point_reproduced_secondary_review_pending,no,LQ vs LQ-L; 10Gy 1fx extrapolated,src/data/evidence/v0.1/outcomeModelsHytec.ts
model_point,spine-18gy-1fx,hytec-spinal-mets-2y-tcp,soltys-2021-hytec-spinal-mets-tcp,spinal-metastases-local-control,1fx × 18Gy,≈82.00%,2 years,no,HyTEC_09_Soltys_2021_Spinal_metastases_TCP.pdf,PDF p2; supplement Table 1,published_fit_approx_checked_rounded_point,no,BED6 3fx-equivalent pooled fit; 40Gy/5fx extrapolated,src/data/evidence/v0.1/outcomeModelsHytec.ts
model_point,spine-20gy-1fx,hytec-spinal-mets-2y-tcp,soltys-2021-hytec-spinal-mets-tcp,spinal-metastases-local-control,1fx × 20Gy,≈90.00%,2 years,no,HyTEC_09_Soltys_2021_Spinal_metastases_TCP.pdf,PDF p2; supplement Table 1,published_fit_approx_checked_rounded_point,no,BED6 3fx-equivalent pooled fit; 40Gy/5fx extrapolated,src/data/evidence/v0.1/outcomeModelsHytec.ts
model_point,spine-24gy-1fx,hytec-spinal-mets-2y-tcp,soltys-2021-hytec-spinal-mets-tcp,spinal-metastases-local-control,1fx × 24Gy,≈96.00%,2 years,no,HyTEC_09_Soltys_2021_Spinal_metastases_TCP.pdf,PDF p2; supplement Table 1,published_fit_approx_checked_rounded_point,no,BED6 3fx-equivalent pooled fit; 40Gy/5fx extrapolated,src/data/evidence/v0.1/outcomeModelsHytec.ts
model_point,spine-24gy-2fx,hytec-spinal-mets-2y-tcp,soltys-2021-hytec-spinal-mets-tcp,spinal-metastases-local-control,2fx × 12Gy,≈82.00%,2 years,no,HyTEC_09_Soltys_2021_Spinal_metastases_TCP.pdf,PDF p2; supplement Table 1,published_fit_approx_checked_rounded_point,no,BED6 3fx-equivalent pooled fit; 40Gy/5fx extrapolated,src/data/evidence/v0.1/outcomeModelsHytec.ts
model_point,spine-27gy-3fx,hytec-spinal-mets-2y-tcp,soltys-2021-hytec-spinal-mets-tcp,spinal-metastases-local-control,3fx × 9Gy,≈78.00%,2 years,no,HyTEC_09_Soltys_2021_Spinal_metastases_TCP.pdf,PDF p2; supplement Table 1,published_fit_approx_checked_rounded_point,no,BED6 3fx-equivalent pooled fit; 40Gy/5fx extrapolated,src/data/evidence/v0.1/outcomeModelsHytec.ts
model_point,spine-90tcp-28gy-2fx,hytec-spinal-mets-2y-tcp,soltys-2021-hytec-spinal-mets-tcp,spinal-metastases-local-control,2fx × 14Gy,≈90.00%,2 years,no,HyTEC_09_Soltys_2021_Spinal_metastases_TCP.pdf,PDF p2; supplement Table 1,published_fit_approx_checked_rounded_point,no,BED6 3fx-equivalent pooled fit; 40Gy/5fx extrapolated,src/data/evidence/v0.1/outcomeModelsHytec.ts
model_point,spine-90tcp-33gy-3fx,hytec-spinal-mets-2y-tcp,soltys-2021-hytec-spinal-mets-tcp,spinal-metastases-local-control,3fx × 11Gy,≈90.00%,2 years,no,HyTEC_09_Soltys_2021_Spinal_metastases_TCP.pdf,PDF p2; supplement Table 1,published_fit_approx_checked_rounded_point,no,BED6 3fx-equivalent pooled fit; 40Gy/5fx extrapolated,src/data/evidence/v0.1/outcomeModelsHytec.ts
model_point,spine-90tcp-40gy-5fx,hytec-spinal-mets-2y-tcp,soltys-2021-hytec-spinal-mets-tcp,spinal-metastases-local-control,5fx × 8Gy,≈90.00%,2 years,yes,HyTEC_09_Soltys_2021_Spinal_metastases_TCP.pdf,PDF p2; supplement Table 1,published_fit_approx_checked_rounded_point,no,BED6 3fx-equivalent pooled fit; 40Gy/5fx extrapolated,src/data/evidence/v0.1/outcomeModelsHytec.ts
model_point,liver-mets-bed10-over100,hytec-liver-metastases-bed10-local-control,ohri-2021-hytec-liver-local-control,liver-metastases-local-control,BED 100Gy; BED 100Gy,≈93.00%,3 years,no,HyTEC_15_Ohri_2021_Liver_tumors_local_control.pdf,AAPM original PDF pp1-3 and p5 Figure3 visually checked; uploaded PDF bytes not inspected,source_stratified_KM_cohort_checked_not_fitted,no,"Liver metastases BED10 groups, not primary liver",src/data/evidence/v0.1/outcomeModelsHytec.ts
model_point,liver-mets-bed10-le100,hytec-liver-metastases-bed10-local-control,ohri-2021-hytec-liver-local-control,liver-metastases-local-control,BED 100Gy; BED 100Gy,≈65.00%,3 years,no,HyTEC_15_Ohri_2021_Liver_tumors_local_control.pdf,AAPM original PDF pp1-3 and p5 Figure3 visually checked; uploaded PDF bytes not inspected,source_stratified_KM_cohort_checked_not_fitted,no,"Liver metastases BED10 groups, not primary liver",src/data/evidence/v0.1/outcomeModelsHytec.ts
model_point,adrenal-bed10-116p4,hytec-adrenal-metastases-1y-tcp,stumpf-2021-hytec-adrenal-tcp,adrenal-metastases-local-control,BED 116.4Gy; BED 116.4Gy,>95.00%,1 year,no,HyTEC_18_Stumpf_2021_Adrenal_TCP.pdf,PDF p1; pp7-8,published_fit_point_reproduced_secondary_review_pending,no,Model-derived >95% at BED10 ~116.4,src/data/evidence/v0.1/outcomeModelsHytec.ts
model_point,prostate-lowint-90tcp,hytec-prostate-sbrt-5y-tcp,royce-2021-hytec-prostate-tcp,prostate-biochemical-control,5fx × 31.7 / 5Gy; EQD2 71Gy,≈90.00%,5 years,yes,HyTEC_19_Royce_2021_Prostate_TCP.pdf,"PDF pp2,6-7; Table3 and Fig1",UNRESOLVED_primary_source_equation_table_narrative_disagreement,no,71Gy EQD2 below ~80Gy studied; high-risk n=85,src/data/evidence/v0.1/outcomeModelsHytec.ts
model_point,prostate-lowint-95tcp,hytec-prostate-sbrt-5y-tcp,royce-2021-hytec-prostate-tcp,prostate-biochemical-control,5fx × 36.1 / 5Gy; EQD2 90Gy,≈95.00%,5 years,no,HyTEC_19_Royce_2021_Prostate_TCP.pdf,"PDF pp2,6-7; Table3 and Fig1",UNRESOLVED_primary_source_equation_table_narrative_disagreement,no,71Gy EQD2 below ~80Gy studied; high-risk n=85,src/data/evidence/v0.1/outcomeModelsHytec.ts
model_point,prostate-high-90tcp,hytec-prostate-sbrt-5y-tcp,royce-2021-hytec-prostate-tcp,prostate-biochemical-control,5fx × 37.6 / 5Gy; EQD2 97Gy,≈90.00%,5 years,no,HyTEC_19_Royce_2021_Prostate_TCP.pdf,"PDF pp2,6-7; Table3 and Fig1",published_fit_point_reproduced_secondary_review_pending,no,71Gy EQD2 below ~80Gy studied; high-risk n=85,src/data/evidence/v0.1/outcomeModelsHytec.ts
model_point,prostate-high-95tcp,hytec-prostate-sbrt-5y-tcp,royce-2021-hytec-prostate-tcp,prostate-biochemical-control,5fx × 38.7 / 5Gy; EQD2 102Gy,≈95.00%,5 years,no,HyTEC_19_Royce_2021_Prostate_TCP.pdf,"PDF pp2,6-7; Table3 and Fig1",published_fit_point_reproduced_secondary_review_pending,no,71Gy EQD2 below ~80Gy studied; high-risk n=85,src/data/evidence/v0.1/outcomeModelsHytec.ts
model_point,nsclc-50gy-5fx-1cm-2y,nsclc-stage-i-size-adjusted-2y-tcp,ohri-2012-nsclc-size-tcp,nsclc-stage-i-local-control,5fx × 10Gy,≈93.00%,2 years,no,NOT_SUPPLIED,Ohri 2012 primary not in 69-file batch,primary_not_supplied,no,Six non-HyTEC related example points unverified,src/data/evidence/v0.1/outcomeModelsHytec.ts
model_point,nsclc-50gy-5fx-3cm-2y,nsclc-stage-i-size-adjusted-2y-tcp,ohri-2012-nsclc-size-tcp,nsclc-stage-i-local-control,5fx × 10Gy,≈90.00%,2 years,no,NOT_SUPPLIED,Ohri 2012 primary not in 69-file batch,primary_not_supplied,no,Six non-HyTEC related example points unverified,src/data/evidence/v0.1/outcomeModelsHytec.ts
model_point,nsclc-50gy-5fx-5cm-2y,nsclc-stage-i-size-adjusted-2y-tcp,ohri-2012-nsclc-size-tcp,nsclc-stage-i-local-control,5fx × 10Gy,≈83.00%,2 years,no,NOT_SUPPLIED,Ohri 2012 primary not in 69-file batch,primary_not_supplied,no,Six non-HyTEC related example points unverified,src/data/evidence/v0.1/outcomeModelsHytec.ts
model_point,nsclc-54gy-3fx-1cm-2y,nsclc-stage-i-size-adjusted-2y-tcp,ohri-2012-nsclc-size-tcp,nsclc-stage-i-local-control,3fx × 18Gy,≈99.00%,2 years,no,NOT_SUPPLIED,Ohri 2012 primary not in 69-file batch,primary_not_supplied,no,Six non-HyTEC related example points unverified,src/data/evidence/v0.1/outcomeModelsHytec.ts
model_point,nsclc-54gy-3fx-3cm-2y,nsclc-stage-i-size-adjusted-2y-tcp,ohri-2012-nsclc-size-tcp,nsclc-stage-i-local-control,3fx × 18Gy,≈98.00%,2 years,no,NOT_SUPPLIED,Ohri 2012 primary not in 69-file batch,primary_not_supplied,no,Six non-HyTEC related example points unverified,src/data/evidence/v0.1/outcomeModelsHytec.ts
model_point,nsclc-54gy-3fx-5cm-2y,nsclc-stage-i-size-adjusted-2y-tcp,ohri-2012-nsclc-size-tcp,nsclc-stage-i-local-control,3fx × 18Gy,≈96.00%,2 years,no,NOT_SUPPLIED,Ohri 2012 primary not in 69-file batch,primary_not_supplied,no,Six non-HyTEC related example points unverified,src/data/evidence/v0.1/outcomeModelsHytec.ts
model_point,hn-rert-1y-25p6gy5eq-50lc,hytec-hn-reirradiation-local-control,vargo-2021-hytec-hn-reirradiation-tcp,head-neck-recurrent-reirradiation-local-control,25.6Gy/5fx-equivalent,≈50.00%,1 year,no,HyTEC_11_Vargo_2021_Head-neck_reirradiation_TCP.pdf,PDF pp6-7; Table 4,published_fit_point_reproduced_secondary_review_pending,no,5fx equivalent at alpha/beta 10; 1y weak fit,src/data/evidence/v0.1/outcomeModelsHytec.ts
model_point,hn-rert-1y-40p7gy5eq-60lc,hytec-hn-reirradiation-local-control,vargo-2021-hytec-hn-reirradiation-tcp,head-neck-recurrent-reirradiation-local-control,40.7Gy/5fx-equivalent,≈60.00%,1 year,no,HyTEC_11_Vargo_2021_Head-neck_reirradiation_TCP.pdf,PDF pp6-7; Table 4,published_fit_point_reproduced_secondary_review_pending,no,5fx equivalent at alpha/beta 10; 1y weak fit,src/data/evidence/v0.1/outcomeModelsHytec.ts
model_point,hn-rert-2y-d50-45p1gy5eq,hytec-hn-reirradiation-local-control,vargo-2021-hytec-hn-reirradiation-tcp,head-neck-recurrent-reirradiation-local-control,45.1Gy/5fx-equivalent,≈50.00%,2 years,no,HyTEC_11_Vargo_2021_Head-neck_reirradiation_TCP.pdf,PDF pp6-7; Table 4,published_fit_point_reproduced_secondary_review_pending,no,5fx equivalent at alpha/beta 10; 1y weak fit,src/data/evidence/v0.1/outcomeModelsHytec.ts
model_point,hn-rert-3y-26p8gy5eq-15lc,hytec-hn-reirradiation-local-control,vargo-2021-hytec-hn-reirradiation-tcp,head-neck-recurrent-reirradiation-local-control,26.8Gy/5fx-equivalent,≈15.00%,3 years,no,HyTEC_11_Vargo_2021_Head-neck_reirradiation_TCP.pdf,PDF pp6-7; Table 4,published_fit_point_reproduced_secondary_review_pending,no,5fx equivalent at alpha/beta 10; 1y weak fit,src/data/evidence/v0.1/outcomeModelsHytec.ts
model_point,hn-rert-3y-44p4gy5eq-40lc,hytec-hn-reirradiation-local-control,vargo-2021-hytec-hn-reirradiation-tcp,head-neck-recurrent-reirradiation-local-control,44.4Gy/5fx-equivalent,≈40.00%,3 years,no,HyTEC_11_Vargo_2021_Head-neck_reirradiation_TCP.pdf,PDF pp6-7; Table 4,published_fit_point_reproduced_secondary_review_pending,no,5fx equivalent at alpha/beta 10; 1y weak fit,src/data/evidence/v0.1/outcomeModelsHytec.ts
model_point,hn-rert-3y-d50-49p8gy5eq,hytec-hn-reirradiation-local-control,vargo-2021-hytec-hn-reirradiation-tcp,head-neck-recurrent-reirradiation-local-control,49.8Gy/5fx-equivalent,≈50.00%,3 years,no,HyTEC_11_Vargo_2021_Head-neck_reirradiation_TCP.pdf,PDF pp6-7; Table 4,published_fit_point_reproduced_secondary_review_pending,no,5fx equivalent at alpha/beta 10; 1y weak fit,src/data/evidence/v0.1/outcomeModelsHytec.ts
model_point,pancreas-unresected-33gy5fx-77lc,hytec-pancreas-1y-local-control,mahadevan-2021-hytec-pancreas-tcp,pancreas-local-control,5fx × 6.6Gy,≈77.00%,1 year,no,HyTEC_17_Mahadevan_2021_Pancreas_SBRT.pdf,"PDF p2 Abstract p6 Fig1 p7 Eq Table2 p8 recommendations; supplement Appendix E1",published_fit_point_reproduced_secondary_review_pending,no,3fx eq; resection/R0 strata,src/data/evidence/v0.1/outcomeModelsHytec.ts
model_point,pancreas-unresected-36gy3fx-86lc,hytec-pancreas-1y-local-control,mahadevan-2021-hytec-pancreas-tcp,pancreas-local-control,3fx × 12Gy,≈86.00%,1 year,no,HyTEC_17_Mahadevan_2021_Pancreas_SBRT.pdf,"PDF p2 Abstract p6 Fig1 p7 Eq Table2 p8 recommendations; supplement Appendix E1",published_fit_point_reproduced_secondary_review_pending,no,3fx eq; resection/R0 strata,src/data/evidence/v0.1/outcomeModelsHytec.ts
model_point,pancreas-r0-33gy5fx-over90lc,hytec-pancreas-1y-local-control,mahadevan-2021-hytec-pancreas-tcp,pancreas-local-control,5fx × 6.6Gy,>90.00%,1 year,no,HyTEC_17_Mahadevan_2021_Pancreas_SBRT.pdf,"PDF p2 Abstract p6 Fig1 p7 Eq Table2 p8 recommendations; supplement Appendix E1",source_reported_R0_group_average_checked_not_fitted,no,3fx eq; resection/R0 strata,src/data/evidence/v0.1/outcomeModelsHytec.ts
clinical_constraint,hytec-optic-dmax-1fx-10gy,hytecClinicalConstraints,milano-2021-hytec-optic,optic-pathway-radiation-neuropathy,Dmax <= 10 Gy,1.0%,planning-limit; 1fx,n/a,HyTEC_07_Milano_2021_Optic_pathways_tolerance.pdf,PDF p2; online supplement Tables 1-3,published_optic_dmax_objective_and_pooled_probit_checked_no_prior_rt,no,No prior RT; 12Gy model vs 10Gy recommendation,src/data/evidence/v0.1/constraintsHytec.ts
clinical_constraint,hytec-optic-dmax-3fx-20gy,hytecClinicalConstraints,milano-2021-hytec-optic,optic-pathway-radiation-neuropathy,Dmax <= 20 Gy,1.0%,planning-limit; 3fx,n/a,HyTEC_07_Milano_2021_Optic_pathways_tolerance.pdf,PDF p2; online supplement Tables 1-3,published_optic_dmax_objective_and_pooled_probit_checked_no_prior_rt,no,No prior RT; 12Gy model vs 10Gy recommendation,src/data/evidence/v0.1/constraintsHytec.ts
clinical_constraint,hytec-optic-dmax-5fx-25gy,hytecClinicalConstraints,milano-2021-hytec-optic,optic-pathway-radiation-neuropathy,Dmax <= 25 Gy,1.0%,planning-limit; 5fx,n/a,HyTEC_07_Milano_2021_Optic_pathways_tolerance.pdf,PDF p2; online supplement Tables 1-3,published_optic_dmax_objective_and_pooled_probit_checked_no_prior_rt,no,No prior RT; 12Gy model vs 10Gy recommendation,src/data/evidence/v0.1/constraintsHytec.ts
clinical_constraint,hytec-brain-v12-5cc-symptomatic-rn,hytecClinicalConstraints,milano-2021-hytec-brain,brain-symptomatic-radionecrosis,Vx V12 ≈ 5 cc,10.0%,risk-point; 1fx,n/a,HyTEC_06_Milano_2021_Brain_tolerance_SRS.pdf,"PDF pp2,4-5; supplement 3 Figs E1-E4",published_summary_endpoint_and_contour_checked_no_independent_fit,no,"Tissue V12 includes target, distinct from brain-only",src/data/evidence/v0.1/constraintsHytec.ts
clinical_constraint,hytec-brain-v12-10cc-symptomatic-rn,hytecClinicalConstraints,milano-2021-hytec-brain,brain-symptomatic-radionecrosis,Vx V12 ≈ 10 cc,15.0%,risk-point; 1fx,n/a,HyTEC_06_Milano_2021_Brain_tolerance_SRS.pdf,"PDF pp2,4-5; supplement 3 Figs E1-E4",published_summary_endpoint_and_contour_checked_no_independent_fit,no,"Tissue V12 includes target, distinct from brain-only",src/data/evidence/v0.1/constraintsHytec.ts
clinical_constraint,hytec-brain-v12-over15cc-symptomatic-rn,hytecClinicalConstraints,milano-2021-hytec-brain,brain-symptomatic-radionecrosis,Vx V12 > 15 cc,20.0%,risk-point; 1fx,n/a,HyTEC_06_Milano_2021_Brain_tolerance_SRS.pdf,"PDF pp2,4-5; supplement 3 Figs E1-E4",published_summary_endpoint_and_contour_checked_no_independent_fit,no,"Tissue V12 includes target, distinct from brain-only",src/data/evidence/v0.1/constraintsHytec.ts
clinical_constraint,hytec-brain-v20-3fx-any-necrosis-edema,hytecClinicalConstraints,milano-2021-hytec-brain,brain-necrosis-edema-any,Vx V20 < 20 cc,10.0%,risk-point; 3fx,n/a,HyTEC_06_Milano_2021_Brain_tolerance_SRS.pdf,"PDF pp2,4-5; supplement 3 Figs E1-E4",published_summary_endpoint_and_contour_checked_no_independent_fit,no,"Tissue V12 includes target, distinct from brain-only",src/data/evidence/v0.1/constraintsHytec.ts
clinical_constraint,hytec-brain-v20-3fx-resection,hytecClinicalConstraints,milano-2021-hytec-brain,brain-radionecrosis-resection,Vx V20 < 20 cc,4.0%,risk-point; 3fx,n/a,HyTEC_06_Milano_2021_Brain_tolerance_SRS.pdf,"PDF pp2,4-5; supplement 3 Figs E1-E4",published_summary_endpoint_and_contour_checked_no_independent_fit,no,"Tissue V12 includes target, distinct from brain-only",src/data/evidence/v0.1/constraintsHytec.ts
clinical_constraint,hytec-brain-v24-5fx-any-necrosis-edema,hytecClinicalConstraints,milano-2021-hytec-brain,brain-necrosis-edema-any,Vx V24 < 20 cc,10.0%,risk-point; 5fx,n/a,HyTEC_06_Milano_2021_Brain_tolerance_SRS.pdf,"PDF pp2,4-5; supplement 3 Figs E1-E4",published_summary_endpoint_and_contour_checked_no_independent_fit,no,"Tissue V12 includes target, distinct from brain-only",src/data/evidence/v0.1/constraintsHytec.ts
clinical_constraint,hytec-brain-v24-5fx-resection,hytecClinicalConstraints,milano-2021-hytec-brain,brain-radionecrosis-resection,Vx V24 < 20 cc,4.0%,risk-point; 5fx,n/a,HyTEC_06_Milano_2021_Brain_tolerance_SRS.pdf,"PDF pp2,4-5; supplement 3 Figs E1-E4",published_summary_endpoint_and_contour_checked_no_independent_fit,no,"Tissue V12 includes target, distinct from brain-only",src/data/evidence/v0.1/constraintsHytec.ts
clinical_constraint,hytec-cord-dmax-1fx-risk-range,hytecClinicalConstraints,sahgal-2021-hytec-spinal-cord,spinal-cord-radiation-myelopathy,Dmax ≈ 12.4–14.0 Gy,1–5%,risk-point; 1fx,n/a,HyTEC_10_Sahgal_2021_Spinal_cord_tolerance.pdf,PDF p1; p8 Table3,visual_table3_contour_and_LQ_math_checked_fit_uncertain,no,Cord vs thecal-sac structures; 1-5% not CI,src/data/evidence/v0.1/constraintsHytec.ts
clinical_constraint,hytec-cord-dmax-2fx-17gy,hytecClinicalConstraints,sahgal-2021-hytec-spinal-cord,spinal-cord-radiation-myelopathy,Dmax ≈ 17.0–19.3 Gy,1–5%,risk-point; 2fx,n/a,HyTEC_10_Sahgal_2021_Spinal_cord_tolerance.pdf,PDF p1; p8 Table3,visual_table3_contour_and_LQ_math_checked_fit_uncertain,no,Cord vs thecal-sac structures; 1-5% not CI,src/data/evidence/v0.1/constraintsHytec.ts
clinical_constraint,hytec-cord-dmax-3fx-20p3gy,hytecClinicalConstraints,sahgal-2021-hytec-spinal-cord,spinal-cord-radiation-myelopathy,Dmax ≈ 20.3–23.1 Gy,1–5%,risk-point; 3fx,n/a,HyTEC_10_Sahgal_2021_Spinal_cord_tolerance.pdf,PDF p1; p8 Table3,visual_table3_contour_and_LQ_math_checked_fit_uncertain,no,Cord vs thecal-sac structures; 1-5% not CI,src/data/evidence/v0.1/constraintsHytec.ts
clinical_constraint,hytec-cord-dmax-4fx-23gy,hytecClinicalConstraints,sahgal-2021-hytec-spinal-cord,spinal-cord-radiation-myelopathy,Dmax ≈ 23.0–26.2 Gy,1–5%,risk-point; 4fx,n/a,HyTEC_10_Sahgal_2021_Spinal_cord_tolerance.pdf,PDF p1; p8 Table3,visual_table3_contour_and_LQ_math_checked_fit_uncertain,no,Cord vs thecal-sac structures; 1-5% not CI,src/data/evidence/v0.1/constraintsHytec.ts
clinical_constraint,hytec-cord-dmax-5fx-25p3gy,hytecClinicalConstraints,sahgal-2021-hytec-spinal-cord,spinal-cord-radiation-myelopathy,Dmax ≈ 25.3–28.8 Gy,1–5%,risk-point; 5fx,n/a,HyTEC_10_Sahgal_2021_Spinal_cord_tolerance.pdf,PDF p1; p8 Table3,visual_table3_contour_and_LQ_math_checked_fit_uncertain,no,Cord vs thecal-sac structures; 1-5% not CI,src/data/evidence/v0.1/constraintsHytec.ts
clinical_constraint,hytec-major-vessel-d0p5cc-5fx-20gy,hytecClinicalConstraints,grimm-2021-hytec-major-vessels,major-vessel-grade3plus-bleeding,D0.5cc < 20 Gy,n/a,planning-limit; 5fx,n/a,HyTEC_12_Grimm_2021_Carotid_blowout_tolerance.pdf,PDF pp7-8; Table2; section8,source_text_anchor_only_not_independently_fitted,no,D0.5 objective; model not accumulated prior RT,src/data/evidence/v0.1/constraintsHytec.ts
clinical_constraint,hytec-major-vessel-dmax-5fx-20gy-risk,hytecClinicalConstraints,grimm-2021-hytec-major-vessels,major-vessel-grade3plus-bleeding,Dmax ≈ 20 Gy,2.0%,risk-point; 5fx,n/a,HyTEC_12_Grimm_2021_Carotid_blowout_tolerance.pdf,PDF pp7-8; Table2; section8,published_fit_point_reproduced_secondary_review_pending,no,D0.5 objective; model not accumulated prior RT,src/data/evidence/v0.1/constraintsHytec.ts
clinical_constraint,hytec-major-vessel-dmax-5fx-30gy-risk,hytecClinicalConstraints,grimm-2021-hytec-major-vessels,major-vessel-grade3plus-bleeding,Dmax ≈ 30 Gy,12.0%,risk-point; 5fx,n/a,HyTEC_12_Grimm_2021_Carotid_blowout_tolerance.pdf,PDF pp7-8; Table2; section8,published_fit_point_reproduced_secondary_review_pending,no,D0.5 objective; model not accumulated prior RT,src/data/evidence/v0.1/constraintsHytec.ts
clinical_constraint,hytec-lung-rilt-mean-dose-under8gy,hytecClinicalConstraints,kong-2021-hytec-lung-parenchyma,lung-symptomatic-rilt,mean-dose < 8 Gy,10–15%,observational-threshold; fx,n/a,HyTEC_14_Kong_2021_Lung_parenchyma_tolerance.pdf,PDF pp2-5 Fig1 and Table3; p8 Table4; pp11-13 Fig4 Table5; supplement p10 S-Table3,source_document_figure_endpoint_scope_checked_nonuniversal,no,Combined lung; ILD modifier; no universal dose threshold,src/data/evidence/v0.1/constraintsHytec.ts
clinical_constraint,hytec-lung-rilt-v20-10to15pct,hytecClinicalConstraints,kong-2021-hytec-lung-parenchyma,lung-symptomatic-rilt,Vx V20 < 10–15 %,10–15%,observational-threshold; fx,n/a,HyTEC_14_Kong_2021_Lung_parenchyma_tolerance.pdf,PDF pp2-5 Fig1 and Table3; p8 Table4; pp11-13 Fig4 Table5; supplement p10 S-Table3,source_document_figure_endpoint_scope_checked_nonuniversal,no,Combined lung; ILD modifier; no universal dose threshold,src/data/evidence/v0.1/constraintsHytec.ts
clinical_constraint,hytec-liver-primary-mld-3fx-13gy,hytecClinicalConstraints,miften-2021-hytec-liver-toxicity,liver-grade3plus-enzyme-toxicity,mean-dose <= 13 Gy,20.0%,planning-limit; 3fx,n/a,HyTEC_16_Miften_2021_Liver_dose-volume_effects.pdf,PDF p7 Fig1; p9,source_text_anchor_only_not_independently_fitted,no,QUANTEC objective; grade3 enzyme fit P=0.10; 700cc not modeled,src/data/evidence/v0.1/constraintsHytec.ts
clinical_constraint,hytec-liver-primary-mld-6fx-18gy,hytecClinicalConstraints,miften-2021-hytec-liver-toxicity,liver-grade3plus-enzyme-toxicity,mean-dose <= 18 Gy,20.0%,planning-limit; 6fx,n/a,HyTEC_16_Miften_2021_Liver_dose-volume_effects.pdf,PDF p7 Fig1; p9,source_text_anchor_only_not_independently_fitted,no,QUANTEC objective; grade3 enzyme fit P=0.10; 700cc not modeled,src/data/evidence/v0.1/constraintsHytec.ts
clinical_constraint,hytec-liver-metastases-mld-3fx-15gy,hytecClinicalConstraints,miften-2021-hytec-liver-toxicity,liver-grade3plus-enzyme-toxicity,mean-dose <= 15 Gy,20.0%,planning-limit; 3fx,n/a,HyTEC_16_Miften_2021_Liver_dose-volume_effects.pdf,PDF p7 Fig1; p9,source_text_anchor_only_not_independently_fitted,no,QUANTEC objective; grade3 enzyme fit P=0.10; 700cc not modeled,src/data/evidence/v0.1/constraintsHytec.ts
clinical_constraint,hytec-liver-metastases-mld-6fx-20gy,hytecClinicalConstraints,miften-2021-hytec-liver-toxicity,liver-grade3plus-enzyme-toxicity,mean-dose <= 20 Gy,20.0%,planning-limit; 6fx,n/a,HyTEC_16_Miften_2021_Liver_dose-volume_effects.pdf,PDF p7 Fig1; p9,source_text_anchor_only_not_independently_fitted,no,QUANTEC objective; grade3 enzyme fit P=0.10; 700cc not modeled,src/data/evidence/v0.1/constraintsHytec.ts
clinical_constraint,hytec-liver-spared-vle15gy-700cc,hytecClinicalConstraints,miften-2021-hytec-liver-toxicity,liver-grade3plus-enzyme-toxicity,VleX V15 >= 700 cc,n/a,observational-threshold; fx,n/a,HyTEC_16_Miften_2021_Liver_dose-volume_effects.pdf,PDF p7 Fig1; p9,source_text_anchor_only_not_independently_fitted,no,QUANTEC objective; grade3 enzyme fit P=0.10; 700cc not modeled,src/data/evidence/v0.1/constraintsHytec.ts
clinical_constraint,hytec-liver-spared-vle17gy-700cc,hytecClinicalConstraints,miften-2021-hytec-liver-toxicity,liver-grade3plus-enzyme-toxicity,VleX V17 >= 700 cc,n/a,observational-threshold; fx,n/a,HyTEC_16_Miften_2021_Liver_dose-volume_effects.pdf,PDF p7 Fig1; p9,source_text_anchor_only_not_independently_fitted,no,QUANTEC objective; grade3 enzyme fit P=0.10; 700cc not modeled,src/data/evidence/v0.1/constraintsHytec.ts
clinical_constraint,hytec-prostate-sbrt-bladder-vrx-5to10cc,hytecClinicalConstraints,wang-2021-hytec-prostate-toxicity,bladder-prostate-sbrt-late-urinary-toxicity,custom < 5–10 cc,n/a,observational-threshold; fx,n/a,HyTEC_20_Wang_2021_Prostate_toxicity.pdf,PDF p2 conclusions,source_text_anchor_only_not_independently_fitted,no,Suggested bladder/urethra/rectum; not established tolerance,src/data/evidence/v0.1/constraintsHytec.ts
clinical_constraint,hytec-prostate-sbrt-urethra-dmax-38to42gy,hytecClinicalConstraints,wang-2021-hytec-prostate-toxicity,urethra-prostate-sbrt-late-urinary-toxicity,Dmax < 38–42 Gy,n/a,observational-threshold; fx,n/a,HyTEC_20_Wang_2021_Prostate_toxicity.pdf,PDF p2 conclusions,source_text_anchor_only_not_independently_fitted,no,Suggested bladder/urethra/rectum; not established tolerance,src/data/evidence/v0.1/constraintsHytec.ts
clinical_constraint,hytec-prostate-sbrt-rectum-dmax-35to38gy,hytecClinicalConstraints,wang-2021-hytec-prostate-toxicity,rectum-prostate-sbrt-late-bowel-toxicity,Dmax < 35–38 Gy,n/a,observational-threshold; fx,n/a,HyTEC_20_Wang_2021_Prostate_toxicity.pdf,PDF p2 conclusions,source_text_anchor_only_not_independently_fitted,no,Suggested bladder/urethra/rectum; not established tolerance,src/data/evidence/v0.1/constraintsHytec.ts
reirradiation_criterion,cumulative-eqd2-max,hytec-spinal-cord-reirradiation-lower-risk-factors,sahgal-2021-hytec-spinal-cord,spinal-cord-radiation-myelopathy,cumulative-eqd2 <= 70 Gy EQD2_2,lower-risk factor,"thecal sac Dmax, α/β=2 Gy",n/a,HyTEC_10_Sahgal_2021_Spinal_cord_tolerance.pdf,PDF p11 Table4; section7 plus pp9-11,visual_table4_four_factor_and_software_math_checked_provenance_open,no,Cord vs thecal-sac structures; 1-5% not CI,src/data/evidence/v0.1/reirradiationGuidance.ts
reirradiation_criterion,current-sbrt-eqd2-max,hytec-spinal-cord-reirradiation-lower-risk-factors,sahgal-2021-hytec-spinal-cord,spinal-cord-radiation-myelopathy,current-eqd2 <= 25 Gy EQD2_2,lower-risk factor,"thecal sac Dmax, α/β=2 Gy",n/a,HyTEC_10_Sahgal_2021_Spinal_cord_tolerance.pdf,PDF p11 Table4; section7 plus pp9-11,visual_table4_four_factor_and_software_math_checked_provenance_open,no,Cord vs thecal-sac structures; 1-5% not CI,src/data/evidence/v0.1/reirradiationGuidance.ts
reirradiation_criterion,current-to-cumulative-ratio,hytec-spinal-cord-reirradiation-lower-risk-factors,sahgal-2021-hytec-spinal-cord,spinal-cord-radiation-myelopathy,current-to-cumulative-ratio <= 0.5 ratio,lower-risk factor,"thecal sac Dmax, α/β=2 Gy",n/a,HyTEC_10_Sahgal_2021_Spinal_cord_tolerance.pdf,PDF p11 Table4; section7 plus pp9-11,visual_table4_four_factor_and_software_math_checked_provenance_open,no,Cord vs thecal-sac structures; 1-5% not CI,src/data/evidence/v0.1/reirradiationGuidance.ts
reirradiation_criterion,minimum-interval,hytec-spinal-cord-reirradiation-lower-risk-factors,sahgal-2021-hytec-spinal-cord,spinal-cord-radiation-myelopathy,interval-months >= 5 months,lower-risk factor,"thecal sac Dmax, α/β=2 Gy",n/a,HyTEC_10_Sahgal_2021_Spinal_cord_tolerance.pdf,PDF p11 Table4; section7 plus pp9-11,visual_table4_four_factor_and_software_math_checked_provenance_open,no,Cord vs thecal-sac structures; 1-5% not CI,src/data/evidence/v0.1/reirradiationGuidance.ts
