original_filename,hytec_series_id,document_kind,doi,source_id,extracted_text_screening,selected_primary_values_or_figures_reviewed,all_pages_figures_tables_verified,all_source_model_CI_independently_reproduced,uploaded_original_SHA256_verified,source_verification_basis,review_note_file,next_priority
HyTEC_01_Grimm_2021_Overview.pdf,HyTEC_01,primary-publication,10.1016/j.ijrobp.2020.10.039,grimm-2021-hytec-overview,first_page_plus_selected_relevant_material,first_page_only_in_initial_inventory,NO,NO_FULL_INDEPENDENT_MODEL_CI_QA,NO,Library_extracted_text_or_other_original_early_pages,HYTEC_FULL_SCIENTIFIC_AUDIT.md,medium_full_primary_figures_tables
HyTEC_02_Moiseenko_2021_Dose-response_modeling_primer_supplement.docx,HyTEC_02,supplement,10.1016/j.ijrobp.2020.11.020,moiseenko-2021-hytec-modeling-primer,entire_extracted_text_screened_not_all_visual,supplement_extracted_text_reviewed,NO,NO_FULL_INDEPENDENT_MODEL_CI_QA,NO,Library_extracted_text_or_other_original_early_pages,HYTEC_P2_SUPPLEMENT_AND_LETTER_REVIEW_2026-10.md,medium_supplement_table_and_figure_visual_QA
HyTEC_02_Moiseenko_2021_Dose-response_modeling_primer.pdf,HyTEC_02,primary-publication,10.1016/j.ijrobp.2020.11.020,moiseenko-2021-hytec-modeling-primer,entire_extracted_text_screened_not_all_visual,selected_Fig2_Fig3_Fig4_visual_CI_reviewed,NO,NO_FULL_INDEPENDENT_MODEL_CI_QA,NO,Library_extracted_text_or_other_original_early_pages,HYTEC_P2_MOISEENKO_UQ_AUDIT_2026-10.md,medium_full_primary_figures_tables
HyTEC_03_Song_2021_Biological_principles_SBRT_SRS.pdf,HyTEC_03,primary-publication,10.1016/j.ijrobp.2019.02.047,song-2021-hytec-biological-principles,first_page_plus_selected_relevant_material,first_page_only_in_initial_inventory,NO,NO_FULL_INDEPENDENT_MODEL_CI_QA,NO,Library_extracted_text_or_other_original_early_pages,HYTEC_FULL_SCIENTIFIC_AUDIT.md,medium_full_primary_figures_tables
HyTEC_04_Marciscano_2021_Immunomodulatory_effects_SBRT_supplement.docx,HyTEC_04,supplement,10.1016/j.ijrobp.2019.02.046,marciscano-2021-hytec-immunomodulation,entire_extracted_text_screened_not_all_visual,supplement_extracted_text_reviewed,NO,NO_FULL_INDEPENDENT_MODEL_CI_QA,NO,Library_extracted_text_or_other_original_early_pages,HYTEC_P2_SUPPLEMENT_AND_LETTER_REVIEW_2026-10.md,medium_supplement_table_and_figure_visual_QA
HyTEC_04_Marciscano_2021_Immunomodulatory_effects_SBRT.pdf,HyTEC_04,primary-publication,10.1016/j.ijrobp.2019.02.046,marciscano-2021-hytec-immunomodulation,first_page_plus_selected_relevant_material,first_page_only_in_initial_inventory,NO,NO_FULL_INDEPENDENT_MODEL_CI_QA,NO,Library_extracted_text_or_other_original_early_pages,HYTEC_FULL_SCIENTIFIC_AUDIT.md,medium_full_primary_figures_tables
HyTEC_05_Redmond_2021_Brain_metastases_TCP_supplement.pdf,HyTEC_05,supplement,10.1016/j.ijrobp.2020.10.034,redmond-2021-hytec-brain-mets-tcp,entire_extracted_text_screened_not_all_visual,supplement_extracted_text_reviewed,NO,NO_FULL_INDEPENDENT_MODEL_CI_QA,NO,Library_extracted_text_or_other_original_early_pages,HYTEC_P2_SUPPLEMENT_AND_LETTER_REVIEW_2026-10.md,high_brain_TCP_including_supplement
HyTEC_05_Redmond_2021_Brain_metastases_TCP.pdf,HyTEC_05,primary-publication,10.1016/j.ijrobp.2020.10.034,redmond-2021-hytec-brain-mets-tcp,first_page_plus_selected_relevant_material,selected_content_crosscheck_not_exhaustive,NO,NO_FULL_INDEPENDENT_MODEL_CI_QA,NO,Library_extracted_text_or_other_original_early_pages,HYTEC_P2_REDMOND_MILANO_AUDIT_2026-10.md,high_brain_TCP_including_supplement
HyTEC_06_Milano_2021_Brain_tolerance_SRS_supplement_1.doc,HyTEC_06,supplement,10.1016/j.ijrobp.2020.08.013,milano-2021-hytec-brain,entire_extracted_text_screened_not_all_visual,supplement_extracted_text_reviewed,NO,NO_FULL_INDEPENDENT_MODEL_CI_QA,NO,Library_extracted_text_or_other_original_early_pages,HYTEC_P2_SUPPLEMENT_AND_LETTER_REVIEW_2026-10.md,high_target_contour_FigE
HyTEC_06_Milano_2021_Brain_tolerance_SRS_supplement_2.doc,HyTEC_06,supplement,10.1016/j.ijrobp.2020.08.013,milano-2021-hytec-brain,entire_extracted_text_screened_not_all_visual,supplement_extracted_text_reviewed,NO,NO_FULL_INDEPENDENT_MODEL_CI_QA,NO,Library_extracted_text_or_other_original_early_pages,HYTEC_P2_SUPPLEMENT_AND_LETTER_REVIEW_2026-10.md,high_target_contour_FigE
HyTEC_06_Milano_2021_Brain_tolerance_SRS_supplement_3.docx,HyTEC_06,supplement,10.1016/j.ijrobp.2020.08.013,milano-2021-hytec-brain,entire_extracted_text_screened_not_all_visual,supplement_extracted_text_reviewed,NO,NO_FULL_INDEPENDENT_MODEL_CI_QA,NO,Library_extracted_text_or_other_original_early_pages,HYTEC_P2_SUPPLEMENT_AND_LETTER_REVIEW_2026-10.md,high_target_contour_FigE
HyTEC_06_Milano_2021_Brain_tolerance_SRS.pdf,HyTEC_06,primary-publication,10.1016/j.ijrobp.2020.08.013,milano-2021-hytec-brain,first_page_plus_selected_relevant_material,selected_content_crosscheck_not_exhaustive,NO,NO_FULL_INDEPENDENT_MODEL_CI_QA,NO,Library_extracted_text_or_other_original_early_pages,HYTEC_P2_REDMOND_MILANO_AUDIT_2026-10.md,high_target_contour_FigE
HyTEC_07_Milano_2021_Optic_pathways_tolerance_supplement.docx,HyTEC_07,supplement,10.1016/j.ijrobp.2018.01.053,milano-2021-hytec-optic,entire_extracted_text_screened_not_all_visual,supplement_extracted_text_reviewed,NO,NO_FULL_INDEPENDENT_MODEL_CI_QA,NO,Library_extracted_text_or_other_original_early_pages,HYTEC_P2_SUPPLEMENT_AND_LETTER_REVIEW_2026-10.md,high_RION_priorRT_fit_CI
HyTEC_07_Milano_2021_Optic_pathways_tolerance.pdf,HyTEC_07,primary-publication,10.1016/j.ijrobp.2018.01.053,milano-2021-hytec-optic,first_page_plus_selected_relevant_material,selected_content_crosscheck_not_exhaustive,NO,NO_FULL_INDEPENDENT_MODEL_CI_QA,NO,official_AAPM_copy_and_DOI_not_uploaded_byte_equivalence,HYTEC_P2_OPTIC_RION_REPRODUCTION_2026-10.md,high_RION_priorRT_fit_CI
HyTEC_08_Soltys_2021_Vestibular_schwannoma_TCP_supplement.docx,HyTEC_08,supplement,10.1016/j.ijrobp.2020.11.019,soltys-2021-hytec-vestibular-tcp,entire_extracted_text_screened_not_all_visual,supplement_extracted_text_reviewed,NO,NO_FULL_INDEPENDENT_MODEL_CI_QA,NO,Library_extracted_text_or_other_original_early_pages,HYTEC_P2_SUPPLEMENT_AND_LETTER_REVIEW_2026-10.md,high_vestibular_TCP_LQ_LQL
HyTEC_08_Soltys_2021_Vestibular_schwannoma_TCP.pdf,HyTEC_08,primary-publication,10.1016/j.ijrobp.2020.11.019,soltys-2021-hytec-vestibular-tcp,first_page_plus_selected_relevant_material,selected_content_crosscheck_not_exhaustive,NO,NO_FULL_INDEPENDENT_MODEL_CI_QA,NO,Library_extracted_text_or_other_original_early_pages,HYTEC_P2_SOLTYS_VESTIBULAR_AUDIT_2026-10.md,high_vestibular_TCP_LQ_LQL
HyTEC_09_Soltys_2021_Spinal_metastases_TCP_supplement.docx,HyTEC_09,supplement,10.1016/j.ijrobp.2020.11.021,soltys-2021-hytec-spinal-mets-tcp,entire_extracted_text_screened_not_all_visual,supplement_extracted_text_reviewed,NO,NO_FULL_INDEPENDENT_MODEL_CI_QA,NO,Library_extracted_text_or_other_original_early_pages,HYTEC_P2_SUPPLEMENT_AND_LETTER_REVIEW_2026-10.md,high_spine_metastases_outcome_fit
HyTEC_09_Soltys_2021_Spinal_metastases_TCP.pdf,HyTEC_09,primary-publication,10.1016/j.ijrobp.2020.11.021,soltys-2021-hytec-spinal-mets-tcp,first_page_plus_selected_relevant_material,selected_content_crosscheck_not_exhaustive,NO,NO_FULL_INDEPENDENT_MODEL_CI_QA,NO,Library_extracted_text_or_other_original_early_pages,HYTEC_P2_SUPPLEMENT_AND_LETTER_REVIEW_2026-10.md,high_spine_metastases_outcome_fit
HyTEC_10_Sahgal_2021_Spinal_cord_tolerance.pdf,HyTEC_10,primary-publication,10.1016/j.ijrobp.2019.09.038,sahgal-2021-hytec-spinal-cord,first_page_plus_selected_relevant_material,selected_content_crosscheck_not_exhaustive,NO,NO_FULL_INDEPENDENT_MODEL_CI_QA,NO,Library_extracted_text_or_other_original_early_pages,HYTEC_P2_SAHGAL_SPINAL_AUDIT_2026-10.md,high_spine_contour_reirradiation
HyTEC_11_Vargo_2021_Head-neck_reirradiation_TCP.pdf,HyTEC_11,primary-publication,10.1016/j.ijrobp.2018.01.044,vargo-2021-hytec-hn-reirradiation-tcp,first_page_plus_selected_relevant_material,selected_content_crosscheck_not_exhaustive,NO,NO_FULL_INDEPENDENT_MODEL_CI_QA,NO,Library_extracted_text_or_other_original_early_pages,HYTEC_P2_FITTED_MODEL_REPRODUCTION_2026-10.md,medium_full_primary_figures_tables
HyTEC_12_Grimm_2021_Carotid_blowout_tolerance_supplement.doc,HyTEC_12,supplement,10.1016/j.ijrobp.2020.12.037,grimm-2021-hytec-major-vessels,entire_extracted_text_screened_not_all_visual,supplement_extracted_text_reviewed,NO,NO_FULL_INDEPENDENT_MODEL_CI_QA,NO,Library_extracted_text_or_other_original_early_pages,HYTEC_P2_SUPPLEMENT_AND_LETTER_REVIEW_2026-10.md,high_vessel_Dmax_D0p5
HyTEC_12_Grimm_2021_Carotid_blowout_tolerance.pdf,HyTEC_12,primary-publication,10.1016/j.ijrobp.2020.12.037,grimm-2021-hytec-major-vessels,first_page_plus_selected_relevant_material,selected_content_crosscheck_not_exhaustive,NO,NO_FULL_INDEPENDENT_MODEL_CI_QA,NO,official_AAPM_copy_and_DOI_not_uploaded_byte_equivalence,HYTEC_P2_MIFTEN_WANG_GRIMM_OAR_AUDIT_2026-10.md,high_vessel_Dmax_D0p5
HyTEC_13_Lee_2021_NSCLC_stage_I_local_control_supplement.docx,HyTEC_13,supplement,10.1016/j.ijrobp.2019.03.045,lee-2021-hytec-stage-i-nsclc,entire_extracted_text_screened_not_all_visual,supplement_extracted_text_reviewed,NO,NO_FULL_INDEPENDENT_MODEL_CI_QA,NO,Library_extracted_text_or_other_original_early_pages,HYTEC_P2_SUPPLEMENT_AND_LETTER_REVIEW_2026-10.md,high_NSCLC_lung_tcp_source_domain
HyTEC_13_Lee_2021_NSCLC_stage_I_local_control.pdf,HyTEC_13,primary-publication,10.1016/j.ijrobp.2019.03.045,lee-2021-hytec-stage-i-nsclc,first_page_plus_selected_relevant_material,selected_content_crosscheck_not_exhaustive,NO,NO_FULL_INDEPENDENT_MODEL_CI_QA,NO,Library_extracted_text_or_other_original_early_pages,HYTEC_P2_SUPPLEMENT_AND_LETTER_REVIEW_2026-10.md,high_NSCLC_lung_tcp_source_domain
HyTEC_14_Kong_2021_Lung_parenchyma_tolerance_supplement.pdf,HyTEC_14,supplement,10.1016/j.ijrobp.2018.11.028,kong-2021-hytec-lung-parenchyma,entire_extracted_text_screened_not_all_visual,supplement_extracted_text_reviewed,NO,NO_FULL_INDEPENDENT_MODEL_CI_QA,NO,Library_extracted_text_or_other_original_early_pages,HYTEC_P2_SUPPLEMENT_AND_LETTER_REVIEW_2026-10.md,high_ILD_and_lung_contour
HyTEC_14_Kong_2021_Lung_parenchyma_tolerance.pdf,HyTEC_14,primary-publication,10.1016/j.ijrobp.2018.11.028,kong-2021-hytec-lung-parenchyma,first_page_plus_selected_relevant_material,selected_content_crosscheck_not_exhaustive,NO,NO_FULL_INDEPENDENT_MODEL_CI_QA,NO,Library_extracted_text_or_other_original_early_pages,HYTEC_P2_KONG_LUNG_AUDIT_2026-10.md,high_ILD_and_lung_contour
HyTEC_15_Ohri_2021_Liver_tumors_local_control.pdf,HyTEC_15,primary-publication,10.1016/j.ijrobp.2017.12.288,ohri-2021-hytec-liver-local-control,first_page_plus_selected_relevant_material,selected_content_crosscheck_not_exhaustive,NO,NO_FULL_INDEPENDENT_MODEL_CI_QA,NO,official_AAPM_copy_and_DOI_not_uploaded_byte_equivalence,HYTEC_P2_OHRI_LIVER_METASTASES_AUDIT_2026-10.md,medium_full_primary_figures_tables
HyTEC_16_Miften_2021_Liver_dose-volume_effects.pdf,HyTEC_16,primary-publication,10.1016/j.ijrobp.2017.12.290,miften-2021-hytec-liver-toxicity,first_page_plus_selected_relevant_material,selected_content_crosscheck_not_exhaustive,NO,NO_FULL_INDEPENDENT_MODEL_CI_QA,NO,official_AAPM_copy_and_DOI_not_uploaded_byte_equivalence,HYTEC_P2_MIFTEN_WANG_GRIMM_OAR_AUDIT_2026-10.md,high_liver_rVdose_versus_MLD
HyTEC_17_Mahadevan_2021_Pancreas_SBRT_supplement.doc,HyTEC_17,supplement,10.1016/j.ijrobp.2020.11.017,mahadevan-2021-hytec-pancreas-tcp,entire_extracted_text_screened_not_all_visual,supplement_extracted_text_reviewed,NO,NO_FULL_INDEPENDENT_MODEL_CI_QA,NO,Library_extracted_text_or_other_original_early_pages,HYTEC_P2_SUPPLEMENT_AND_LETTER_REVIEW_2026-10.md,high_pancreas_R0_comparison
HyTEC_17_Mahadevan_2021_Pancreas_SBRT.pdf,HyTEC_17,primary-publication,10.1016/j.ijrobp.2020.11.017,mahadevan-2021-hytec-pancreas-tcp,first_page_plus_selected_relevant_material,selected_content_crosscheck_not_exhaustive,NO,NO_FULL_INDEPENDENT_MODEL_CI_QA,NO,Library_extracted_text_or_other_original_early_pages,HYTEC_P2_MAHADEVAN_PANCREAS_AUDIT_2026-10.md,high_pancreas_R0_comparison
HyTEC_18_Stumpf_2021_Adrenal_TCP.pdf,HyTEC_18,primary-publication,10.1016/j.ijrobp.2020.05.062,stumpf-2021-hytec-adrenal-tcp,first_page_plus_selected_relevant_material,selected_content_crosscheck_not_exhaustive,NO,NO_FULL_INDEPENDENT_MODEL_CI_QA,NO,Library_extracted_text_or_other_original_early_pages,HYTEC_P2_FITTED_MODEL_REPRODUCTION_2026-10.md,medium_full_primary_figures_tables
HyTEC_19_Royce_2021_Prostate_TCP_supplement.docx,HyTEC_19,supplement,10.1016/j.ijrobp.2020.08.014,royce-2021-hytec-prostate-tcp,entire_extracted_text_screened_not_all_visual,supplement_extracted_text_reviewed,NO,NO_FULL_INDEPENDENT_MODEL_CI_QA,NO,Library_extracted_text_or_other_original_early_pages,HYTEC_P2_SUPPLEMENT_AND_LETTER_REVIEW_2026-10.md,critical_royce_model_equation_CI_reply
HyTEC_19_Royce_2021_Prostate_TCP.pdf,HyTEC_19,primary-publication,10.1016/j.ijrobp.2020.08.014,royce-2021-hytec-prostate-tcp,first_page_plus_selected_relevant_material,selected_content_crosscheck_not_exhaustive,NO,NO_FULL_INDEPENDENT_MODEL_CI_QA,NO,Library_extracted_text_or_other_original_early_pages,HYTEC_P2_FITTED_MODEL_REPRODUCTION_2026-10.md,critical_royce_model_equation_CI_reply
HyTEC_20_Wang_2021_Prostate_toxicity_supplement.docx,HyTEC_20,supplement,10.1016/j.ijrobp.2020.09.054,wang-2021-hytec-prostate-toxicity,entire_extracted_text_screened_not_all_visual,supplement_extracted_text_reviewed,NO,NO_FULL_INDEPENDENT_MODEL_CI_QA,NO,Library_extracted_text_or_other_original_early_pages,HYTEC_P2_SUPPLEMENT_AND_LETTER_REVIEW_2026-10.md,high_prostate_bladder_Rx_units
HyTEC_20_Wang_2021_Prostate_toxicity.pdf,HyTEC_20,primary-publication,10.1016/j.ijrobp.2020.09.054,wang-2021-hytec-prostate-toxicity,first_page_plus_selected_relevant_material,selected_content_crosscheck_not_exhaustive,NO,NO_FULL_INDEPENDENT_MODEL_CI_QA,NO,official_AAPM_copy_and_DOI_not_uploaded_byte_equivalence,HYTEC_P2_MIFTEN_WANG_GRIMM_OAR_AUDIT_2026-10.md,high_prostate_bladder_Rx_units
HyTEC_21_Klement_2021_Letter_In_regard_to_Ohri.pdf,HyTEC_21,scientific-letter,not_identified_in_inventory,not_assigned_to_clinical_record,entire_extracted_text_screened_not_all_visual,correspondence_extracted_text_reviewed,NO,NO_FULL_INDEPENDENT_MODEL_CI_QA,NO,Library_extracted_text_or_other_original_early_pages,HYTEC_P2_SUPPLEMENT_AND_LETTER_REVIEW_2026-10.md,high_correspondence_cross_source_semantics
HyTEC_22_Ohri_2021_Letter_Reply_to_Klement.pdf,HyTEC_22,scientific-letter,not_identified_in_inventory,not_assigned_to_clinical_record,entire_extracted_text_screened_not_all_visual,correspondence_extracted_text_reviewed,NO,NO_FULL_INDEPENDENT_MODEL_CI_QA,NO,Library_extracted_text_or_other_original_early_pages,HYTEC_P2_SUPPLEMENT_AND_LETTER_REVIEW_2026-10.md,high_correspondence_cross_source_semantics
HyTEC_23_Brown_2021_Letter_In_regard_to_Song.pdf,HyTEC_23,scientific-letter,not_identified_in_inventory,not_assigned_to_clinical_record,entire_extracted_text_screened_not_all_visual,correspondence_extracted_text_reviewed,NO,NO_FULL_INDEPENDENT_MODEL_CI_QA,NO,Library_extracted_text_or_other_original_early_pages,HYTEC_P2_SUPPLEMENT_AND_LETTER_REVIEW_2026-10.md,high_correspondence_cross_source_semantics
HyTEC_24_Song_2021_Letter_Reply_to_Brown_Carlson.pdf,HyTEC_24,scientific-letter,not_identified_in_inventory,not_assigned_to_clinical_record,entire_extracted_text_screened_not_all_visual,correspondence_extracted_text_reviewed,NO,NO_FULL_INDEPENDENT_MODEL_CI_QA,NO,Library_extracted_text_or_other_original_early_pages,HYTEC_P2_SUPPLEMENT_AND_LETTER_REVIEW_2026-10.md,high_correspondence_cross_source_semantics
HyTEC_25_Grimm_2021_Letter_Reply_to_Song_and_Brown.pdf,HyTEC_25,scientific-letter,not_identified_in_inventory,not_assigned_to_clinical_record,entire_extracted_text_screened_not_all_visual,correspondence_extracted_text_reviewed,NO,NO_FULL_INDEPENDENT_MODEL_CI_QA,NO,Library_extracted_text_or_other_original_early_pages,HYTEC_P2_SUPPLEMENT_AND_LETTER_REVIEW_2026-10.md,high_correspondence_cross_source_semantics
