source,pdfPage,priorPhysicalGyPerFx,priorSourceEqd2Gy,priorRecomputedEqd2Gy,currentFractions,sourceTable4CurrentPhysicalGy,currentRecomputedEqd2_2Gy,hypotheticalDirectSumEqd2_2Gy,currentToCumulativeEqd2Ratio,currentWithin25Gy,cumulativeWithin70Gy,ratioWithin0p5,status,provenanceCaveat
Sahgal 2021 HyTEC Table4,PDF p11 (printed p134),20/5,30,30.00000,1,9,24.75000,54.75000,0.45205,yes,yes,yes,conditional_criteria_all_met,HYPOTHETICAL additive crosscheck assumes Table4 prior EQD2 represents thecal-sac Dmax; actual earlier cord/thecal dose and spatial registration must be verified; not a clinical safety decision
Sahgal 2021 HyTEC Table4,PDF p11 (printed p134),20/5,30,30.00000,2,12.2,24.70500,54.70500,0.45160,yes,yes,yes,conditional_criteria_all_met,HYPOTHETICAL additive crosscheck assumes Table4 prior EQD2 represents thecal-sac Dmax; actual earlier cord/thecal dose and spatial registration must be verified; not a clinical safety decision
Sahgal 2021 HyTEC Table4,PDF p11 (printed p134),20/5,30,30.00000,3,14.5,24.77083,54.77083,0.45226,yes,yes,yes,conditional_criteria_all_met,HYPOTHETICAL additive crosscheck assumes Table4 prior EQD2 represents thecal-sac Dmax; actual earlier cord/thecal dose and spatial registration must be verified; not a clinical safety decision
Sahgal 2021 HyTEC Table4,PDF p11 (printed p134),20/5,30,30.00000,4,16.2,24.50250,54.50250,0.44957,yes,yes,yes,conditional_criteria_all_met,HYPOTHETICAL additive crosscheck assumes Table4 prior EQD2 represents thecal-sac Dmax; actual earlier cord/thecal dose and spatial registration must be verified; not a clinical safety decision
Sahgal 2021 HyTEC Table4,PDF p11 (printed p134),20/5,30,30.00000,5,18,25.20000,55.20000,0.45652,no,yes,yes,conditional_criteria_tension,HYPOTHETICAL additive crosscheck assumes Table4 prior EQD2 represents thecal-sac Dmax; actual earlier cord/thecal dose and spatial registration must be verified; not a clinical safety decision
Sahgal 2021 HyTEC Table4,PDF p11 (printed p134),30/10,37.5,37.50000,1,9,24.75000,62.25000,0.39759,yes,yes,yes,conditional_criteria_all_met,HYPOTHETICAL additive crosscheck assumes Table4 prior EQD2 represents thecal-sac Dmax; actual earlier cord/thecal dose and spatial registration must be verified; not a clinical safety decision
Sahgal 2021 HyTEC Table4,PDF p11 (printed p134),30/10,37.5,37.50000,2,12.2,24.70500,62.20500,0.39715,yes,yes,yes,conditional_criteria_all_met,HYPOTHETICAL additive crosscheck assumes Table4 prior EQD2 represents thecal-sac Dmax; actual earlier cord/thecal dose and spatial registration must be verified; not a clinical safety decision
Sahgal 2021 HyTEC Table4,PDF p11 (printed p134),30/10,37.5,37.50000,3,14.5,24.77083,62.27083,0.39779,yes,yes,yes,conditional_criteria_all_met,HYPOTHETICAL additive crosscheck assumes Table4 prior EQD2 represents thecal-sac Dmax; actual earlier cord/thecal dose and spatial registration must be verified; not a clinical safety decision
Sahgal 2021 HyTEC Table4,PDF p11 (printed p134),30/10,37.5,37.50000,4,16.2,24.50250,62.00250,0.39519,yes,yes,yes,conditional_criteria_all_met,HYPOTHETICAL additive crosscheck assumes Table4 prior EQD2 represents thecal-sac Dmax; actual earlier cord/thecal dose and spatial registration must be verified; not a clinical safety decision
Sahgal 2021 HyTEC Table4,PDF p11 (printed p134),30/10,37.5,37.50000,5,18,25.20000,62.70000,0.40191,no,yes,yes,conditional_criteria_tension,HYPOTHETICAL additive crosscheck assumes Table4 prior EQD2 represents thecal-sac Dmax; actual earlier cord/thecal dose and spatial registration must be verified; not a clinical safety decision
Sahgal 2021 HyTEC Table4,PDF p11 (printed p134),40/20,40,40.00000,1,N/A,,,,not-provided,not-provided,not-provided,N/A_provenance_only,HYPOTHETICAL additive crosscheck assumes Table4 prior EQD2 represents thecal-sac Dmax; actual earlier cord/thecal dose and spatial registration must be verified; not a clinical safety decision
Sahgal 2021 HyTEC Table4,PDF p11 (printed p134),40/20,40,40.00000,2,12.2,24.70500,64.70500,0.38181,yes,yes,yes,conditional_criteria_all_met,HYPOTHETICAL additive crosscheck assumes Table4 prior EQD2 represents thecal-sac Dmax; actual earlier cord/thecal dose and spatial registration must be verified; not a clinical safety decision
Sahgal 2021 HyTEC Table4,PDF p11 (printed p134),40/20,40,40.00000,3,14.5,24.77083,64.77083,0.38244,yes,yes,yes,conditional_criteria_all_met,HYPOTHETICAL additive crosscheck assumes Table4 prior EQD2 represents thecal-sac Dmax; actual earlier cord/thecal dose and spatial registration must be verified; not a clinical safety decision
Sahgal 2021 HyTEC Table4,PDF p11 (printed p134),40/20,40,40.00000,4,16.2,24.50250,64.50250,0.37987,yes,yes,yes,conditional_criteria_all_met,HYPOTHETICAL additive crosscheck assumes Table4 prior EQD2 represents thecal-sac Dmax; actual earlier cord/thecal dose and spatial registration must be verified; not a clinical safety decision
Sahgal 2021 HyTEC Table4,PDF p11 (printed p134),40/20,40,40.00000,5,18,25.20000,65.20000,0.38650,no,yes,yes,conditional_criteria_tension,HYPOTHETICAL additive crosscheck assumes Table4 prior EQD2 represents thecal-sac Dmax; actual earlier cord/thecal dose and spatial registration must be verified; not a clinical safety decision
Sahgal 2021 HyTEC Table4,PDF p11 (printed p134),45/25,43,42.75000,1,N/A,,,,not-provided,not-provided,not-provided,N/A_provenance_only,HYPOTHETICAL additive crosscheck assumes Table4 prior EQD2 represents thecal-sac Dmax; actual earlier cord/thecal dose and spatial registration must be verified; not a clinical safety decision
Sahgal 2021 HyTEC Table4,PDF p11 (printed p134),45/25,43,42.75000,2,12.2,24.70500,67.70500,0.36489,yes,yes,yes,conditional_criteria_all_met,HYPOTHETICAL additive crosscheck assumes Table4 prior EQD2 represents thecal-sac Dmax; actual earlier cord/thecal dose and spatial registration must be verified; not a clinical safety decision
Sahgal 2021 HyTEC Table4,PDF p11 (printed p134),45/25,43,42.75000,3,14.5,24.77083,67.77083,0.36551,yes,yes,yes,conditional_criteria_all_met,HYPOTHETICAL additive crosscheck assumes Table4 prior EQD2 represents thecal-sac Dmax; actual earlier cord/thecal dose and spatial registration must be verified; not a clinical safety decision
Sahgal 2021 HyTEC Table4,PDF p11 (printed p134),45/25,43,42.75000,4,16.2,24.50250,67.50250,0.36299,yes,yes,yes,conditional_criteria_all_met,HYPOTHETICAL additive crosscheck assumes Table4 prior EQD2 represents thecal-sac Dmax; actual earlier cord/thecal dose and spatial registration must be verified; not a clinical safety decision
Sahgal 2021 HyTEC Table4,PDF p11 (printed p134),45/25,43,42.75000,5,18,25.20000,68.20000,0.36950,no,yes,yes,conditional_criteria_tension,HYPOTHETICAL additive crosscheck assumes Table4 prior EQD2 represents thecal-sac Dmax; actual earlier cord/thecal dose and spatial registration must be verified; not a clinical safety decision
Sahgal 2021 HyTEC Table4,PDF p11 (printed p134),50/25,50,50.00000,1,N/A,,,,not-provided,not-provided,not-provided,N/A_provenance_only,HYPOTHETICAL additive crosscheck assumes Table4 prior EQD2 represents thecal-sac Dmax; actual earlier cord/thecal dose and spatial registration must be verified; not a clinical safety decision
Sahgal 2021 HyTEC Table4,PDF p11 (printed p134),50/25,50,50.00000,2,11,20.62500,70.62500,0.29204,yes,no,yes,conditional_criteria_tension,HYPOTHETICAL additive crosscheck assumes Table4 prior EQD2 represents thecal-sac Dmax; actual earlier cord/thecal dose and spatial registration must be verified; not a clinical safety decision
Sahgal 2021 HyTEC Table4,PDF p11 (printed p134),50/25,50,50.00000,3,14,23.33333,73.33333,0.31818,yes,no,yes,conditional_criteria_tension,HYPOTHETICAL additive crosscheck assumes Table4 prior EQD2 represents thecal-sac Dmax; actual earlier cord/thecal dose and spatial registration must be verified; not a clinical safety decision
Sahgal 2021 HyTEC Table4,PDF p11 (printed p134),50/25,50,50.00000,4,14,19.25000,69.25000,0.27798,yes,yes,yes,conditional_criteria_all_met,HYPOTHETICAL additive crosscheck assumes Table4 prior EQD2 represents thecal-sac Dmax; actual earlier cord/thecal dose and spatial registration must be verified; not a clinical safety decision
Sahgal 2021 HyTEC Table4,PDF p11 (printed p134),50/25,50,50.00000,5,15.5,19.76250,69.76250,0.28328,yes,yes,yes,conditional_criteria_all_met,HYPOTHETICAL additive crosscheck assumes Table4 prior EQD2 represents thecal-sac Dmax; actual earlier cord/thecal dose and spatial registration must be verified; not a clinical safety decision
