sourceId,fitId,sourcePage,doseVolumeMetric,riskEndpoint,cohort,volumeCc,v50Cc,v50Ci95Cc,gamma50,gamma50Ci95,sourceTableRisk,recomputedRisk,differencePp,verification,clinicalDatasetStatus
milano-2021-hytec-brain,milano-fig5-pooled-v12-edema-or-necrosis,PDF p7; Figure 5; Table 3 PDF p12,tissue V12 including target; 1fx equivalent,grade1to3-edema-or-necrosis,Chin+Inoue2013/2014+Peng; mixed tumor types in Chin; Korytko excluded,5,63.2,49.2–97.0,0.87,0.74–1.03,0.03600,0.03898985,0.29899,printed-parameters-to-source-table-approx-reproduced,AUDIT_ONLY_not_exposed_as_individual_NTCP
milano-2021-hytec-brain,milano-fig5-pooled-v12-edema-or-necrosis,PDF p7; Figure 5; Table 3 PDF p12,tissue V12 including target; 1fx equivalent,grade1to3-edema-or-necrosis,Chin+Inoue2013/2014+Peng; mixed tumor types in Chin; Korytko excluded,10,63.2,49.2–97.0,0.87,0.74–1.03,0.04800,0.05072079,0.27208,printed-parameters-to-source-table-approx-reproduced,AUDIT_ONLY_not_exposed_as_individual_NTCP
milano-2021-hytec-brain,milano-fig5-pooled-v12-edema-or-necrosis,PDF p7; Figure 5; Table 3 PDF p12,tissue V12 including target; 1fx equivalent,grade1to3-edema-or-necrosis,Chin+Inoue2013/2014+Peng; mixed tumor types in Chin; Korytko excluded,20,63.2,49.2–97.0,0.87,0.74–1.03,0.08600,0.08480876,-0.11912,printed-parameters-to-source-table-approx-reproduced,AUDIT_ONLY_not_exposed_as_individual_NTCP
milano-2021-hytec-brain,milano-fig6a-v14-edema-necrosis,PDF p8; Figure 6A; Table 3 PDF p12,tissue V14 including target; 1fx equivalent,grade1to3-edema-or-necrosis,Inoue2013/2014+Peng; brain metastases; separate patient/lesion analyses,5,45.8,33.0–106.2,0.88,0.68–1.11,0.04100,0.04165763,0.06576,printed-parameters-to-source-table-approx-reproduced,AUDIT_ONLY_not_exposed_as_individual_NTCP
milano-2021-hytec-brain,milano-fig6a-v14-edema-necrosis,PDF p8; Figure 6A; Table 3 PDF p12,tissue V14 including target; 1fx equivalent,grade1to3-edema-or-necrosis,Inoue2013/2014+Peng; brain metastases; separate patient/lesion analyses,10,45.8,33.0–106.2,0.88,0.68–1.11,0.06000,0.06000532,0.00053,printed-parameters-to-source-table-approx-reproduced,AUDIT_ONLY_not_exposed_as_individual_NTCP
milano-2021-hytec-brain,milano-fig6a-v14-edema-necrosis,PDF p8; Figure 6A; Table 3 PDF p12,tissue V14 including target; 1fx equivalent,grade1to3-edema-or-necrosis,Inoue2013/2014+Peng; brain metastases; separate patient/lesion analyses,20,45.8,33.0–106.2,0.88,0.68–1.11,0.12100,0.12101194,0.00119,printed-parameters-to-source-table-approx-reproduced,AUDIT_ONLY_not_exposed_as_individual_NTCP
milano-2021-hytec-brain,milano-fig6b-v14-resected-necrosis,PDF p8; Figure 6B; Table 3 PDF p12,tissue V14 including target; 1fx equivalent,grade3-resected-path-confirmed-necrosis,Inoue2013/2014+Peng; brain metastases; grade3 surgery-only endpoint,5,42.6,33.8–75.5,1.58,1.17–2.09,0.00400,0.00376507,-0.02349,printed-parameters-to-source-table-approx-reproduced,AUDIT_ONLY_not_exposed_as_individual_NTCP
milano-2021-hytec-brain,milano-fig6b-v14-resected-necrosis,PDF p8; Figure 6B; Table 3 PDF p12,tissue V14 including target; 1fx equivalent,grade3-resected-path-confirmed-necrosis,Inoue2013/2014+Peng; brain metastases; grade3 surgery-only endpoint,10,42.6,33.8–75.5,1.58,1.17–2.09,0.00800,0.00787284,-0.01272,printed-parameters-to-source-table-approx-reproduced,AUDIT_ONLY_not_exposed_as_individual_NTCP
milano-2021-hytec-brain,milano-fig6b-v14-resected-necrosis,PDF p8; Figure 6B; Table 3 PDF p12,tissue V14 including target; 1fx equivalent,grade3-resected-path-confirmed-necrosis,Inoue2013/2014+Peng; brain metastases; grade3 surgery-only endpoint,20,42.6,33.8–75.5,1.58,1.17–2.09,0.03400,0.03380151,-0.01985,printed-parameters-to-source-table-approx-reproduced,AUDIT_ONLY_not_exposed_as_individual_NTCP
