original_filename,publication_title,authors,publication_year,doi,pmid,type,parent_publication,source_id,in_sources_ts,evidence_record_count,bytes,file_text_check,numerical_validation,sha256,publication_citation,notes
HyTEC_01_Grimm_2021_Overview.pdf,"High Dose per Fraction, Hypofractionated Treatment Effects in the Clinic (HyTEC): An Overview","Grimm J, Marks LB, Jackson A, et al.",2021,10.1016/j.ijrobp.2020.10.039,,primary-publication,HyTEC_01,grimm-2021-hytec-overview,true,0,423280,PDF page 1 text read 2026-10-08,not fully verified,,"Grimm J, Marks LB, Jackson A, et al. High Dose per Fraction, Hypofractionated Treatment Effects in the Clinic (HyTEC): An Overview. Int J Radiat Oncol Biol Phys. 2021;110(1):1-10.",
HyTEC_02_Moiseenko_2021_Dose-response_modeling_primer_supplement.docx,A Primer on Dose-Response Data Modeling in Radiation Therapy,"Moiseenko V, Marks LB, Grimm J, et al.",2021,10.1016/j.ijrobp.2020.11.020,33358230,supplement,HyTEC_02,moiseenko-2021-hytec-modeling-primer,true,0,1164131,Document initial text read 2026-10-08,not fully verified,,"Moiseenko V, Marks LB, Grimm J, et al. A Primer on Dose-Response Data Modeling in Radiation Therapy. Int J Radiat Oncol Biol Phys. 2021;110(1):11-20.",
HyTEC_02_Moiseenko_2021_Dose-response_modeling_primer.pdf,A Primer on Dose-Response Data Modeling in Radiation Therapy,"Moiseenko V, Marks LB, Grimm J, et al.",2021,10.1016/j.ijrobp.2020.11.020,33358230,primary-publication,HyTEC_02,moiseenko-2021-hytec-modeling-primer,true,0,993513,PDF page 1 text read 2026-10-08,not fully verified,,"Moiseenko V, Marks LB, Grimm J, et al. A Primer on Dose-Response Data Modeling in Radiation Therapy. Int J Radiat Oncol Biol Phys. 2021;110(1):11-20.",
HyTEC_03_Song_2021_Biological_principles_SBRT_SRS.pdf,Biological Principles of Stereotactic Body Radiation Therapy (SBRT) and Stereotactic Radiation Surgery (SRS): Indirect Cell Death,"Song CW, Glatstein E, Marks LB, et al.",2021,10.1016/j.ijrobp.2019.02.047,30836165,primary-publication,HyTEC_03,song-2021-hytec-biological-principles,true,0,2564334,PDF page 1 text read 2026-10-08,not fully verified,,"Song CW, Glatstein E, Marks LB, et al. Biological Principles of Stereotactic Body Radiation Therapy (SBRT) and Stereotactic Radiation Surgery (SRS): Indirect Cell Death. Int J Radiat Oncol Biol Phys. 2021;110(1):21-34.",
HyTEC_04_Marciscano_2021_Immunomodulatory_effects_SBRT_supplement.docx,Immunomodulatory Effects of Stereotactic Body Radiation Therapy: Preclinical Insights and Clinical Opportunities,"Marciscano AE, Haimovitz-Friedman A, Lee P, et al.",2021,10.1016/j.ijrobp.2019.02.046,30836168,supplement,HyTEC_04,marciscano-2021-hytec-immunomodulation,true,0,96777,Document initial text read 2026-10-08,not fully verified,,"Marciscano AE, Haimovitz-Friedman A, Lee P, et al. Immunomodulatory Effects of Stereotactic Body Radiation Therapy: Preclinical Insights and Clinical Opportunities. Int J Radiat Oncol Biol Phys. 2021;110(1):35-52.",
HyTEC_04_Marciscano_2021_Immunomodulatory_effects_SBRT.pdf,Immunomodulatory Effects of Stereotactic Body Radiation Therapy: Preclinical Insights and Clinical Opportunities,"Marciscano AE, Haimovitz-Friedman A, Lee P, et al.",2021,10.1016/j.ijrobp.2019.02.046,30836168,primary-publication,HyTEC_04,marciscano-2021-hytec-immunomodulation,true,0,1524742,PDF page 1 text read 2026-10-08,not fully verified,,"Marciscano AE, Haimovitz-Friedman A, Lee P, et al. Immunomodulatory Effects of Stereotactic Body Radiation Therapy: Preclinical Insights and Clinical Opportunities. Int J Radiat Oncol Biol Phys. 2021;110(1):35-52.",
HyTEC_05_Redmond_2021_Brain_metastases_TCP_supplement.pdf,Tumor Control Probability of Radiosurgery and Fractionated Stereotactic Radiosurgery for Brain Metastases,"Redmond KJ, Gui C, Benedict S, et al.",2021,10.1016/j.ijrobp.2020.10.034,,supplement,HyTEC_05,redmond-2021-hytec-brain-mets-tcp,true,1,1050989,PDF page 1 text read 2026-10-08,not fully verified,,"Redmond KJ, Gui C, Benedict S, et al. Tumor Control Probability of Radiosurgery and Fractionated Stereotactic Radiosurgery for Brain Metastases. Int J Radiat Oncol Biol Phys. 2021;110(1):53-67.",
HyTEC_05_Redmond_2021_Brain_metastases_TCP.pdf,Tumor Control Probability of Radiosurgery and Fractionated Stereotactic Radiosurgery for Brain Metastases,"Redmond KJ, Gui C, Benedict S, et al.",2021,10.1016/j.ijrobp.2020.10.034,,primary-publication,HyTEC_05,redmond-2021-hytec-brain-mets-tcp,true,1,1768284,PDF page 1 text read 2026-10-08,not fully verified,,"Redmond KJ, Gui C, Benedict S, et al. Tumor Control Probability of Radiosurgery and Fractionated Stereotactic Radiosurgery for Brain Metastases. Int J Radiat Oncol Biol Phys. 2021;110(1):53-67.",
HyTEC_06_Milano_2021_Brain_tolerance_SRS_supplement_1.doc,Single- and Multifraction Stereotactic Radiosurgery Dose/Volume Tolerances of the Brain,"Milano MT, Grimm J, Niemierko A, et al.",2021,10.1016/j.ijrobp.2020.08.013,32921513,supplement,HyTEC_06,milano-2021-hytec-brain,true,7,674304,Document initial text read 2026-10-08,not fully verified,,"Milano MT, Grimm J, Niemierko A, et al. Single- and Multifraction Stereotactic Radiosurgery Dose/Volume Tolerances of the Brain. Int J Radiat Oncol Biol Phys. 2021;110(1):68-86.",
HyTEC_06_Milano_2021_Brain_tolerance_SRS_supplement_2.doc,Single- and Multifraction Stereotactic Radiosurgery Dose/Volume Tolerances of the Brain,"Milano MT, Grimm J, Niemierko A, et al.",2021,10.1016/j.ijrobp.2020.08.013,32921513,supplement,HyTEC_06,milano-2021-hytec-brain,true,7,37376,Document initial text read 2026-10-08,not fully verified,,"Milano MT, Grimm J, Niemierko A, et al. Single- and Multifraction Stereotactic Radiosurgery Dose/Volume Tolerances of the Brain. Int J Radiat Oncol Biol Phys. 2021;110(1):68-86.",
HyTEC_06_Milano_2021_Brain_tolerance_SRS_supplement_3.docx,Single- and Multifraction Stereotactic Radiosurgery Dose/Volume Tolerances of the Brain,"Milano MT, Grimm J, Niemierko A, et al.",2021,10.1016/j.ijrobp.2020.08.013,32921513,supplement,HyTEC_06,milano-2021-hytec-brain,true,7,686684,Document initial text read 2026-10-08,not fully verified,,"Milano MT, Grimm J, Niemierko A, et al. Single- and Multifraction Stereotactic Radiosurgery Dose/Volume Tolerances of the Brain. Int J Radiat Oncol Biol Phys. 2021;110(1):68-86.",
HyTEC_06_Milano_2021_Brain_tolerance_SRS.pdf,Single- and Multifraction Stereotactic Radiosurgery Dose/Volume Tolerances of the Brain,"Milano MT, Grimm J, Niemierko A, et al.",2021,10.1016/j.ijrobp.2020.08.013,32921513,primary-publication,HyTEC_06,milano-2021-hytec-brain,true,7,1031982,PDF page 1 text read 2026-10-08,not fully verified,,"Milano MT, Grimm J, Niemierko A, et al. Single- and Multifraction Stereotactic Radiosurgery Dose/Volume Tolerances of the Brain. Int J Radiat Oncol Biol Phys. 2021;110(1):68-86.",
HyTEC_07_Milano_2021_Optic_pathways_tolerance_supplement.docx,Single- and Multi-Fraction Stereotactic Radiosurgery Dose Tolerances of the Optic Pathways,"Milano MT, Grimm J, Soltys SG, et al.",2021,10.1016/j.ijrobp.2018.01.053,29534899,supplement,HyTEC_07,milano-2021-hytec-optic,true,3,68021,Document initial text read 2026-10-08,not fully verified,,"Milano MT, Grimm J, Soltys SG, et al. Single- and Multi-Fraction Stereotactic Radiosurgery Dose Tolerances of the Optic Pathways. Int J Radiat Oncol Biol Phys. 2021;110(1):87-99.",
HyTEC_07_Milano_2021_Optic_pathways_tolerance.pdf,Single- and Multi-Fraction Stereotactic Radiosurgery Dose Tolerances of the Optic Pathways,"Milano MT, Grimm J, Soltys SG, et al.",2021,10.1016/j.ijrobp.2018.01.053,29534899,primary-publication,HyTEC_07,milano-2021-hytec-optic,true,3,772660,PDF page 1 text read 2026-10-08,not fully verified,,"Milano MT, Grimm J, Soltys SG, et al. Single- and Multi-Fraction Stereotactic Radiosurgery Dose Tolerances of the Optic Pathways. Int J Radiat Oncol Biol Phys. 2021;110(1):87-99.",
HyTEC_08_Soltys_2021_Vestibular_schwannoma_TCP_supplement.docx,Stereotactic Radiosurgery for Vestibular Schwannomas: Tumor Control Probability Analyses and Recommended Reporting Standards,"Soltys SG, Milano MT, Xue J, et al.",2021,10.1016/j.ijrobp.2020.11.019,,supplement,HyTEC_08,soltys-2021-hytec-vestibular-tcp,true,1,196968,Document initial text read 2026-10-08,not fully verified,,"Soltys SG, Milano MT, Xue J, et al. Stereotactic Radiosurgery for Vestibular Schwannomas: Tumor Control Probability Analyses and Recommended Reporting Standards. Int J Radiat Oncol Biol Phys. 2021;110(1):100-111.",
HyTEC_08_Soltys_2021_Vestibular_schwannoma_TCP.pdf,Stereotactic Radiosurgery for Vestibular Schwannomas: Tumor Control Probability Analyses and Recommended Reporting Standards,"Soltys SG, Milano MT, Xue J, et al.",2021,10.1016/j.ijrobp.2020.11.019,,primary-publication,HyTEC_08,soltys-2021-hytec-vestibular-tcp,true,1,597312,PDF page 1 text read 2026-10-08,not fully verified,,"Soltys SG, Milano MT, Xue J, et al. Stereotactic Radiosurgery for Vestibular Schwannomas: Tumor Control Probability Analyses and Recommended Reporting Standards. Int J Radiat Oncol Biol Phys. 2021;110(1):100-111.",
HyTEC_09_Soltys_2021_Spinal_metastases_TCP_supplement.docx,Stereotactic Body Radiation Therapy for Spinal Metastases: Tumor Control Probability Analyses and Recommended Reporting Standards,"Soltys SG, Grimm J, Milano MT, et al.",2021,10.1016/j.ijrobp.2020.11.021,,supplement,HyTEC_09,soltys-2021-hytec-spinal-mets-tcp,true,1,96304,Document initial text read 2026-10-08,not fully verified,,"Soltys SG, Grimm J, Milano MT, et al. Stereotactic Body Radiation Therapy for Spinal Metastases: Tumor Control Probability Analyses and Recommended Reporting Standards. Int J Radiat Oncol Biol Phys. 2021;110(1):112-123.",
HyTEC_09_Soltys_2021_Spinal_metastases_TCP.pdf,Stereotactic Body Radiation Therapy for Spinal Metastases: Tumor Control Probability Analyses and Recommended Reporting Standards,"Soltys SG, Grimm J, Milano MT, et al.",2021,10.1016/j.ijrobp.2020.11.021,,primary-publication,HyTEC_09,soltys-2021-hytec-spinal-mets-tcp,true,1,468281,PDF page 1 text read 2026-10-08,not fully verified,,"Soltys SG, Grimm J, Milano MT, et al. Stereotactic Body Radiation Therapy for Spinal Metastases: Tumor Control Probability Analyses and Recommended Reporting Standards. Int J Radiat Oncol Biol Phys. 2021;110(1):112-123.",
HyTEC_10_Sahgal_2021_Spinal_cord_tolerance.pdf,Spinal Cord Dose Tolerance to Stereotactic Body Radiation Therapy,"Sahgal A, Chang JH, Ma L, et al.",2021,10.1016/j.ijrobp.2019.09.038,31606528,primary-publication,HyTEC_10,sahgal-2021-hytec-spinal-cord,true,6,1013451,PDF page 1 text read 2026-10-08,not fully verified,,"Sahgal A, Chang JH, Ma L, et al. Spinal Cord Dose Tolerance to Stereotactic Body Radiation Therapy. Int J Radiat Oncol Biol Phys. 2021;110(1):124-136.",
HyTEC_11_Vargo_2021_Head-neck_reirradiation_TCP.pdf,Head and Neck Tumor Control Probability: Radiation Dose-Volume Effects in Stereotactic Body Radiation Therapy for Locally Recurrent Previously-Irradiated Head and Neck Cancer,"Vargo JA, Moiseenko V, Grimm J, et al.",2021,10.1016/j.ijrobp.2018.01.044,29477291,primary-publication,HyTEC_11,vargo-2021-hytec-hn-reirradiation-tcp,true,1,1006737,PDF page 1 text read 2026-10-08,not fully verified,,"Vargo JA, Moiseenko V, Grimm J, et al. Head and Neck Tumor Control Probability: Radiation Dose-Volume Effects in Stereotactic Body Radiation Therapy for Locally Recurrent Previously-Irradiated Head and Neck Cancer. Int J Radiat Oncol Biol Phys. 2021;110(1):137-146.",
HyTEC_12_Grimm_2021_Carotid_blowout_tolerance_supplement.doc,Initial Data Pooling for Radiation Dose-Volume Tolerance for Carotid Artery Blowout and Other Bleeding Events in Hypofractionated Head and Neck Retreatments,"Grimm J, Vargo JA, Mavroidis P, et al.",2021,10.1016/j.ijrobp.2020.12.037,,supplement,HyTEC_12,grimm-2021-hytec-major-vessels,true,3,402432,Document initial text read 2026-10-08,not fully verified,,"Grimm J, Vargo JA, Mavroidis P, et al. Initial Data Pooling for Radiation Dose-Volume Tolerance for Carotid Artery Blowout and Other Bleeding Events in Hypofractionated Head and Neck Retreatments. Int J Radiat Oncol Biol Phys. 2021;110(1):147-159.",
HyTEC_12_Grimm_2021_Carotid_blowout_tolerance.pdf,Initial Data Pooling for Radiation Dose-Volume Tolerance for Carotid Artery Blowout and Other Bleeding Events in Hypofractionated Head and Neck Retreatments,"Grimm J, Vargo JA, Mavroidis P, et al.",2021,10.1016/j.ijrobp.2020.12.037,,primary-publication,HyTEC_12,grimm-2021-hytec-major-vessels,true,3,1106253,PDF page 1 text read 2026-10-08,not fully verified,,"Grimm J, Vargo JA, Mavroidis P, et al. Initial Data Pooling for Radiation Dose-Volume Tolerance for Carotid Artery Blowout and Other Bleeding Events in Hypofractionated Head and Neck Retreatments. Int J Radiat Oncol Biol Phys. 2021;110(1):147-159.",
HyTEC_13_Lee_2021_NSCLC_stage_I_local_control_supplement.docx,Local Control After Stereotactic Body Radiation Therapy for Stage I Non-Small Cell Lung Cancer,"Lee P, Loo BW Jr, Biswas T, et al.",2021,10.1016/j.ijrobp.2019.03.045,30954520,supplement,HyTEC_13,lee-2021-hytec-stage-i-nsclc,true,0,37759,Document initial text read 2026-10-08,not fully verified,,"Lee P, Loo BW Jr, Biswas T, et al. Local Control After Stereotactic Body Radiation Therapy for Stage I Non-Small Cell Lung Cancer. Int J Radiat Oncol Biol Phys. 2021;110(1):160-171.",
HyTEC_13_Lee_2021_NSCLC_stage_I_local_control.pdf,Local Control After Stereotactic Body Radiation Therapy for Stage I Non-Small Cell Lung Cancer,"Lee P, Loo BW Jr, Biswas T, et al.",2021,10.1016/j.ijrobp.2019.03.045,30954520,primary-publication,HyTEC_13,lee-2021-hytec-stage-i-nsclc,true,0,931369,PDF page 1 text read 2026-10-08,not fully verified,,"Lee P, Loo BW Jr, Biswas T, et al. Local Control After Stereotactic Body Radiation Therapy for Stage I Non-Small Cell Lung Cancer. Int J Radiat Oncol Biol Phys. 2021;110(1):160-171.",
HyTEC_14_Kong_2021_Lung_parenchyma_tolerance_supplement.pdf,Organs at Risk Considerations for Thoracic Stereotactic Body Radiation Therapy: What Is Safe for Lung Parenchyma? Int J Radiat Oncol Biol Phys,"Kong FMS, Moiseenko V, Zhao J, et al.",2021,10.1016/j.ijrobp.2018.11.028,,supplement,HyTEC_14,kong-2021-hytec-lung-parenchyma,true,2,507622,PDF page 1 text read 2026-10-08,not fully verified,,"Kong FMS, Moiseenko V, Zhao J, et al. Organs at Risk Considerations for Thoracic Stereotactic Body Radiation Therapy: What Is Safe for Lung Parenchyma? Int J Radiat Oncol Biol Phys. 2021;110(1):172-187.",
HyTEC_14_Kong_2021_Lung_parenchyma_tolerance.pdf,Organs at Risk Considerations for Thoracic Stereotactic Body Radiation Therapy: What Is Safe for Lung Parenchyma? Int J Radiat Oncol Biol Phys,"Kong FMS, Moiseenko V, Zhao J, et al.",2021,10.1016/j.ijrobp.2018.11.028,,primary-publication,HyTEC_14,kong-2021-hytec-lung-parenchyma,true,2,1293827,PDF page 1 text read 2026-10-08,not fully verified,,"Kong FMS, Moiseenko V, Zhao J, et al. Organs at Risk Considerations for Thoracic Stereotactic Body Radiation Therapy: What Is Safe for Lung Parenchyma? Int J Radiat Oncol Biol Phys. 2021;110(1):172-187.",
HyTEC_15_Ohri_2021_Liver_tumors_local_control.pdf,Local Control After Stereotactic Body Radiation Therapy for Liver Tumors,"Ohri N, Tome WA, Mendez Romero A, et al.",2021,10.1016/j.ijrobp.2017.12.288,,primary-publication,HyTEC_15,ohri-2021-hytec-liver-local-control,true,1,704218,PDF page 1 text read 2026-10-08,not fully verified,,"Ohri N, Tome WA, Mendez Romero A, et al. Local Control After Stereotactic Body Radiation Therapy for Liver Tumors. Int J Radiat Oncol Biol Phys. 2021;110(1):188-195.",
HyTEC_16_Miften_2021_Liver_dose-volume_effects.pdf,Radiation Dose-Volume Effects for Liver SBRT,"Miften M, Vinogradskiy Y, Moiseenko V, et al.",2021,10.1016/j.ijrobp.2017.12.290,,primary-publication,HyTEC_16,miften-2021-hytec-liver-toxicity,true,6,764000,PDF page 1 text read 2026-10-08,not fully verified,,"Miften M, Vinogradskiy Y, Moiseenko V, et al. Radiation Dose-Volume Effects for Liver SBRT. Int J Radiat Oncol Biol Phys. 2021;110(1):196-205.",
HyTEC_17_Mahadevan_2021_Pancreas_SBRT_supplement.doc,Maximizing Tumor Control and Limiting Complications With Stereotactic Body Radiation Therapy for Pancreatic Cancer,"Mahadevan A, Moningi S, Grimm J, et al.",2021,10.1016/j.ijrobp.2020.11.017,33358561,supplement,HyTEC_17,mahadevan-2021-hytec-pancreas-tcp,true,1,863232,Document initial text read 2026-10-08,not fully verified,,"Mahadevan A, Moningi S, Grimm J, et al. Maximizing Tumor Control and Limiting Complications With Stereotactic Body Radiation Therapy for Pancreatic Cancer. Int J Radiat Oncol Biol Phys. 2021;110(1):206-216.",
HyTEC_17_Mahadevan_2021_Pancreas_SBRT.pdf,Maximizing Tumor Control and Limiting Complications With Stereotactic Body Radiation Therapy for Pancreatic Cancer,"Mahadevan A, Moningi S, Grimm J, et al.",2021,10.1016/j.ijrobp.2020.11.017,33358561,primary-publication,HyTEC_17,mahadevan-2021-hytec-pancreas-tcp,true,1,537139,PDF page 1 text read 2026-10-08,not fully verified,,"Mahadevan A, Moningi S, Grimm J, et al. Maximizing Tumor Control and Limiting Complications With Stereotactic Body Radiation Therapy for Pancreatic Cancer. Int J Radiat Oncol Biol Phys. 2021;110(1):206-216.",
HyTEC_18_Stumpf_2021_Adrenal_TCP.pdf,Modeling of Tumor Control Probability in Stereotactic Body Radiation Therapy for Adrenal Tumors,"Stumpf PK, Yorke ED, El Naqa I, et al.",2021,10.1016/j.ijrobp.2020.05.062,,primary-publication,HyTEC_18,stumpf-2021-hytec-adrenal-tcp,true,1,603300,PDF page 1 text read 2026-10-08,not fully verified,,"Stumpf PK, Yorke ED, El Naqa I, et al. Modeling of Tumor Control Probability in Stereotactic Body Radiation Therapy for Adrenal Tumors. Int J Radiat Oncol Biol Phys. 2021;110(1):217-226.",
HyTEC_19_Royce_2021_Prostate_TCP_supplement.docx,Tumor Control Probability Modeling and Systematic Review of the Literature of Stereotactic Body Radiation Therapy for Prostate Cancer,"Royce TJ, Mavroidis P, Wang K, et al.",2021,10.1016/j.ijrobp.2020.08.014,,supplement,HyTEC_19,royce-2021-hytec-prostate-tcp,true,1,53324,Document initial text read 2026-10-08,not fully verified,,"Royce TJ, Mavroidis P, Wang K, et al. Tumor Control Probability Modeling and Systematic Review of the Literature of Stereotactic Body Radiation Therapy for Prostate Cancer. Int J Radiat Oncol Biol Phys. 2021;110(1):227-236.",
HyTEC_19_Royce_2021_Prostate_TCP.pdf,Tumor Control Probability Modeling and Systematic Review of the Literature of Stereotactic Body Radiation Therapy for Prostate Cancer,"Royce TJ, Mavroidis P, Wang K, et al.",2021,10.1016/j.ijrobp.2020.08.014,,primary-publication,HyTEC_19,royce-2021-hytec-prostate-tcp,true,1,501978,PDF page 1 text read 2026-10-08,not fully verified,,"Royce TJ, Mavroidis P, Wang K, et al. Tumor Control Probability Modeling and Systematic Review of the Literature of Stereotactic Body Radiation Therapy for Prostate Cancer. Int J Radiat Oncol Biol Phys. 2021;110(1):227-236.",
HyTEC_20_Wang_2021_Prostate_toxicity_supplement.docx,Prostate Stereotactic Body Radiation Therapy: An Overview of Toxicity and Dose Response,"Wang K, Mavroidis P, Royce TJ, et al.",2021,10.1016/j.ijrobp.2020.09.054,,supplement,HyTEC_20,wang-2021-hytec-prostate-toxicity,true,3,427631,Document initial text read 2026-10-08,not fully verified,,"Wang K, Mavroidis P, Royce TJ, et al. Prostate Stereotactic Body Radiation Therapy: An Overview of Toxicity and Dose Response. Int J Radiat Oncol Biol Phys. 2021;110(1):237-248.",
HyTEC_20_Wang_2021_Prostate_toxicity.pdf,Prostate Stereotactic Body Radiation Therapy: An Overview of Toxicity and Dose Response,"Wang K, Mavroidis P, Royce TJ, et al.",2021,10.1016/j.ijrobp.2020.09.054,,primary-publication,HyTEC_20,wang-2021-hytec-prostate-toxicity,true,3,730423,PDF page 1 text read 2026-10-08,not fully verified,,"Wang K, Mavroidis P, Royce TJ, et al. Prostate Stereotactic Body Radiation Therapy: An Overview of Toxicity and Dose Response. Int J Radiat Oncol Biol Phys. 2021;110(1):237-248.",
HyTEC_21_Klement_2021_Letter_In_regard_to_Ohri.pdf,,,,,,scientific-letter,HyTEC_21,,false,0,324596,PDF page 1 text read 2026-10-08,not fully verified,,,No dedicated source ID (context/reference/out of scope).
HyTEC_22_Ohri_2021_Letter_Reply_to_Klement.pdf,,,,,,scientific-letter,HyTEC_22,,false,0,256044,PDF page 1 text read 2026-10-08,not fully verified,,,No dedicated source ID (context/reference/out of scope).
HyTEC_23_Brown_2021_Letter_In_regard_to_Song.pdf,,,,,,scientific-letter,HyTEC_23,,false,0,258296,PDF page 1 text read 2026-10-08,not fully verified,,,No dedicated source ID (context/reference/out of scope).
HyTEC_24_Song_2021_Letter_Reply_to_Brown_Carlson.pdf,,,,,,scientific-letter,HyTEC_24,,false,0,258315,PDF page 1 text read 2026-10-08,not fully verified,,,No dedicated source ID (context/reference/out of scope).
HyTEC_25_Grimm_2021_Letter_Reply_to_Song_and_Brown.pdf,,,,,,scientific-letter,HyTEC_25,,false,0,198158,PDF page 1 text read 2026-10-08,not fully verified,,,No dedicated source ID (context/reference/out of scope).
Appelt_2025_RadiotherOncol_ESTRO_cumulative_dose_supplement.pdf,,,,,,supplement,,,false,0,199485,PDF page 1 text read 2026-10-08,not fully verified,,,No dedicated source ID (context/reference/out of scope).
Appelt_2025_RadiotherOncol_ESTRO_cumulative_dose.pdf,,,,,,primary-publication,,,false,0,1437404,PDF page 1 text read 2026-10-08,not fully verified,,,No dedicated source ID (context/reference/out of scope).
Basic Clinical Radiobiology 2025.pdf,,,,,,textbook,,,false,0,39728888,PDF page 1 text read 2026-10-08,not fully verified,,,No dedicated source ID (context/reference/out of scope).
bfco191_radiotherapy-treatment-interruptions.pdf,,,,,,guideline,,,false,0,565529,PDF page 1 text read 2026-10-08,not fully verified,,,No dedicated source ID (context/reference/out of scope).
Brand_2021_IJROBP_rectal_alpha-beta.pdf,,,,,,primary-publication,,,false,0,415610,PDF page 1 text read 2026-10-08,not fully verified,,,No dedicated source ID (context/reference/out of scope).
Brand_2021_IJROBP_rectal_supplement.docx,,,,,,supplement,,,false,0,1113168,Document initial text read 2026-10-08,not fully verified,,,No dedicated source ID (context/reference/out of scope).
Brand_2022_IJROBP_GU_alpha-beta_supplement.docx,,,,,,supplement,,,false,0,165848,Document initial text read 2026-10-08,not fully verified,,,No dedicated source ID (context/reference/out of scope).
Brand_2022_IJROBP_GU_alpha-beta.pdf,,,,,,primary-publication,,,false,0,756398,PDF page 1 text read 2026-10-08,not fully verified,,,No dedicated source ID (context/reference/out of scope).
ESTRO-EORTC_2022_LancetOncol_reirradiation_consensus_AAM_Figure_1.pdf,,,,,,supplementary-figure,,,false,0,242074,PDF page 1 text read 2026-10-08,not fully verified,,,No dedicated source ID (context/reference/out of scope).
ESTRO-EORTC_2022_LancetOncol_reirradiation_consensus_AAM_Figure_2.pdf,,,,,,supplementary-figure,,,false,0,189106,PDF page 1 text read 2026-10-08,not fully verified,,,No dedicated source ID (context/reference/out of scope).
ESTRO-EORTC_2022_LancetOncol_reirradiation_consensus_AAM_Figure_3.pdf,,,,,,supplementary-figure,,,false,0,1156638,PDF page 1 text read 2026-10-08,not fully verified,,,No dedicated source ID (context/reference/out of scope).
ESTRO-EORTC_2022_LancetOncol_reirradiation_consensus_AAM_Manuscript.pdf,,,,,,accepted-manuscript,,,false,0,340448,PDF page 1 text read 2026-10-08,not fully verified,,,No dedicated source ID (context/reference/out of scope).
ESTRO-EORTC_2022_LancetOncol_reirradiation_consensus_AAM_Tables.pdf,,,,,,supplementary-tables,,,false,0,238711,PDF page 1 text read 2026-10-08,not fully verified,,,No dedicated source ID (context/reference/out of scope).
FAST_10y_JCO2020.pdf,,,,,,primary-publication,,,false,0,1001306,PDF page 1 text read 2026-10-08,not fully verified,,,No dedicated source ID (context/reference/out of scope).
FAST-Forward_10y_LancetOncol2026_appendix.pdf,,,,,,supplement,,,false,0,4634398,PDF page 1 text read 2026-10-08,not fully verified,,,No dedicated source ID (context/reference/out of scope).
FAST-Forward_10y_LancetOncol2026.pdf,,,,,,primary-publication,,,false,0,899014,PDF page 1 text read 2026-10-08,not fully verified,,,No dedicated source ID (context/reference/out of scope).
FAST-Forward_5y_Lancet2020_appendix.pdf,,,,,,supplement,,,false,0,4841791,PDF page 1 text read 2026-10-08,not fully verified,,,No dedicated source ID (context/reference/out of scope).
FAST-Forward_5y_Lancet2020.pdf,,,,,,primary-publication,,,false,0,521602,PDF page 1 text read 2026-10-08,not fully verified,,,No dedicated source ID (context/reference/out of scope).
"Handbook_of_Radiotherapy_Physics_Theory_and_Practice,_Second_Edition.pdf",,,,,,textbook,,,false,0,218227970,PDF page 1 text read 2026-10-08,not fully verified,,,No dedicated source ID (context/reference/out of scope).
JoinerM.KogelA.BasicClinicalRadiobiology.pdf,,,,,,textbook,,,false,0,7156532,PDF page 1 text read 2026-10-08,not fully verified,,,No dedicated source ID (context/reference/out of scope).
Linear-Quadratic-Model-in-the-Clinical-Practice-via-the-Web-Application.pdf,,,,,,primary-publication,,,false,0,5363449,PDF page 1 text read 2026-10-08,not fully verified,,,No dedicated source ID (context/reference/out of scope).
Quantitative Radiobiology for Proton Therapy.pdf,,,,,,textbook,,,false,0,12570272,PDF page 1 text read 2026-10-08,not fully verified,,,No dedicated source ID (context/reference/out of scope).
RCR_Dose_Fractionation_4th_ed_2024.pdf,,,,,,guideline,,,false,0,1502180,PDF page 1 text read 2026-10-08,not fully verified,,,No dedicated source ID (context/reference/out of scope).
RCR_Principles_of_Reirradiation_2024.pdf,,,,,,guideline,,,false,0,181868,PDF page 1 text read 2026-10-08,not fully verified,,,No dedicated source ID (context/reference/out of scope).
Vogelius_Bentzen_2020_IJROBP_prostate_alpha-beta.pdf,,,,,,primary-publication,,,false,0,961244,PDF page 1 text read 2026-10-08,not fully verified,,,No dedicated source ID (context/reference/out of scope).
Vogelius_Bentzen_2020_IJROBP_prostate_alpha-beta.xml,,,,,,publisher-xml,,,false,0,50036,XML initial text read 2026-10-08,not fully verified,,,No dedicated source ID (context/reference/out of scope).
Zhang_2026_PRO_ReCOG_case_guide_supplement.docx,,,,,,supplement,,,false,0,4239202,Document initial text read 2026-10-08,not fully verified,,,No dedicated source ID (context/reference/out of scope).
Zhang_2026_PRO_ReCOG_case_guide.pdf,,,,,,primary-publication,,,false,0,3590809,PDF page 1 text read 2026-10-08,not fully verified,,,No dedicated source ID (context/reference/out of scope).
Основы_клинической_радиобиологии.pdf,,,,,,textbook,,,false,0,76971563,PDF page 1 text read 2026-10-08,not fully verified,,,No dedicated source ID (context/reference/out of scope).
