record_id,source_id,record_family,user_file_supplied,user_supplied_filename,legacy_validation_label,current_phase_review_status,next_verification,priority,scientific_numeric_validation,clinical_release_approved
ab-prostate-biochemical-control-vb2020,vogelius-bentzen-2020-prostate,alpha-beta,true,`Vogelius_Bentzen_2020_IJROBP_prostate_alpha-beta.pdf` (+1 связанных),validated,p3_primary_table_parameter_and_95pct_ci_checked,independent_LKB_or_meta_analysis_refit_and_clinical_second_review,review-before-release,published_parameter_and_CI_match_only,false
ab-rectum-bleeding-g1-brand2021,brand-2021-chhip-rectal,alpha-beta,true,`Brand_2021_IJROBP_rectal_alpha-beta.pdf` (+1 связанных),validated,p3_primary_table_parameter_and_95pct_ci_checked,independent_LKB_or_meta_analysis_refit_and_clinical_second_review,review-before-release,published_parameter_and_CI_match_only,false
ab-rectum-bleeding-g2-brand2021,brand-2021-chhip-rectal,alpha-beta,true,`Brand_2021_IJROBP_rectal_alpha-beta.pdf` (+1 связанных),validated,p3_primary_table_parameter_and_95pct_ci_checked,independent_LKB_or_meta_analysis_refit_and_clinical_second_review,review-before-release,published_parameter_and_CI_match_only,false
ab-rectum-frequency-g1-brand2021,brand-2021-chhip-rectal,alpha-beta,true,`Brand_2021_IJROBP_rectal_alpha-beta.pdf` (+1 связанных),validated,p3_primary_table_parameter_and_95pct_ci_checked,independent_LKB_or_meta_analysis_refit_and_clinical_second_review,review-before-release,published_parameter_and_CI_match_only,false
ab-rectum-frequency-g2-brand2021,brand-2021-chhip-rectal,alpha-beta,true,`Brand_2021_IJROBP_rectal_alpha-beta.pdf` (+1 связанных),validated,p3_primary_table_parameter_and_95pct_ci_checked,independent_LKB_or_meta_analysis_refit_and_clinical_second_review,review-before-release,published_parameter_and_CI_match_only,false
ab-rectum-pain-g1-brand2021,brand-2021-chhip-rectal,alpha-beta,true,`Brand_2021_IJROBP_rectal_alpha-beta.pdf` (+1 связанных),validated,p3_primary_table_parameter_and_95pct_ci_checked,independent_LKB_or_meta_analysis_refit_and_clinical_second_review,review-before-release,published_parameter_and_CI_match_only,false
ab-rectum-proctitis-g1-brand2021,brand-2021-chhip-rectal,alpha-beta,true,`Brand_2021_IJROBP_rectal_alpha-beta.pdf` (+1 связанных),validated,p3_primary_table_parameter_and_95pct_ci_checked,independent_LKB_or_meta_analysis_refit_and_clinical_second_review,review-before-release,published_parameter_and_CI_match_only,false
ab-rectum-proctitis-g2-brand2021,brand-2021-chhip-rectal,alpha-beta,true,`Brand_2021_IJROBP_rectal_alpha-beta.pdf` (+1 связанных),validated,p3_primary_table_parameter_and_95pct_ci_checked,independent_LKB_or_meta_analysis_refit_and_clinical_second_review,review-before-release,published_parameter_and_CI_match_only,false
ab-rectum-sphincter-g1-brand2021,brand-2021-chhip-rectal,alpha-beta,true,`Brand_2021_IJROBP_rectal_alpha-beta.pdf` (+1 связанных),validated,p3_primary_table_parameter_and_95pct_ci_checked,independent_LKB_or_meta_analysis_refit_and_clinical_second_review,review-before-release,published_parameter_and_CI_match_only,false
ab-rectum-stricture-ulcer-g1-brand2021,brand-2021-chhip-rectal,alpha-beta,true,`Brand_2021_IJROBP_rectal_alpha-beta.pdf` (+1 связанных),validated,p3_primary_table_parameter_and_95pct_ci_checked,independent_LKB_or_meta_analysis_refit_and_clinical_second_review,review-before-release,published_parameter_and_CI_match_only,false
ab-gu-dysuria-g1-brand2023,brand-2023-chhip-gu,alpha-beta,true,`Brand_2022_IJROBP_GU_alpha-beta.pdf` (+1 связанных),validated,p3_primary_table_parameter_and_95pct_ci_checked,independent_LKB_or_meta_analysis_refit_and_clinical_second_review,review-before-release,published_parameter_and_CI_match_only,false
ab-gu-dysuria-g2-brand2023,brand-2023-chhip-gu,alpha-beta,true,`Brand_2022_IJROBP_GU_alpha-beta.pdf` (+1 связанных),validated,p3_primary_table_parameter_and_95pct_ci_checked,independent_LKB_or_meta_analysis_refit_and_clinical_second_review,review-before-release,published_parameter_and_CI_match_only,false
ab-gu-hematuria-g1-brand2023,brand-2023-chhip-gu,alpha-beta,true,`Brand_2022_IJROBP_GU_alpha-beta.pdf` (+1 связанных),validated,p3_primary_table_parameter_and_95pct_ci_checked,independent_LKB_or_meta_analysis_refit_and_clinical_second_review,review-before-release,published_parameter_and_CI_match_only,false
ab-gu-hematuria-g2-brand2023,brand-2023-chhip-gu,alpha-beta,true,`Brand_2022_IJROBP_GU_alpha-beta.pdf` (+1 связанных),validated,p3_primary_table_parameter_and_95pct_ci_checked,independent_LKB_or_meta_analysis_refit_and_clinical_second_review,review-before-release,published_parameter_and_CI_match_only,false
ab-gu-incontinence-g1-brand2023,brand-2023-chhip-gu,alpha-beta,true,`Brand_2022_IJROBP_GU_alpha-beta.pdf` (+1 связанных),validated,p3_primary_table_parameter_and_95pct_ci_checked,independent_LKB_or_meta_analysis_refit_and_clinical_second_review,review-before-release,published_parameter_and_CI_match_only,false
ab-gu-incontinence-g2-brand2023,brand-2023-chhip-gu,alpha-beta,true,`Brand_2022_IJROBP_GU_alpha-beta.pdf` (+1 связанных),validated,p3_primary_table_parameter_and_95pct_ci_checked,independent_LKB_or_meta_analysis_refit_and_clinical_second_review,review-before-release,published_parameter_and_CI_match_only,false
ab-gu-reduced-flow-g1-brand2023,brand-2023-chhip-gu,alpha-beta,true,`Brand_2022_IJROBP_GU_alpha-beta.pdf` (+1 связанных),validated,p3_primary_table_parameter_and_95pct_ci_checked,independent_LKB_or_meta_analysis_refit_and_clinical_second_review,review-before-release,published_parameter_and_CI_match_only,false
ab-gu-reduced-flow-g2-brand2023,brand-2023-chhip-gu,alpha-beta,true,`Brand_2022_IJROBP_GU_alpha-beta.pdf` (+1 связанных),validated,p3_primary_table_parameter_and_95pct_ci_checked,independent_LKB_or_meta_analysis_refit_and_clinical_second_review,review-before-release,published_parameter_and_CI_match_only,false
ab-gu-frequency-g1-brand2023,brand-2023-chhip-gu,alpha-beta,true,`Brand_2022_IJROBP_GU_alpha-beta.pdf` (+1 связанных),validated,p3_primary_table_parameter_and_95pct_ci_checked,independent_LKB_or_meta_analysis_refit_and_clinical_second_review,review-before-release,published_parameter_and_CI_match_only,false
ab-gu-frequency-g2-brand2023,brand-2023-chhip-gu,alpha-beta,true,`Brand_2022_IJROBP_GU_alpha-beta.pdf` (+1 связанных),validated,p3_primary_table_parameter_and_95pct_ci_checked,independent_LKB_or_meta_analysis_refit_and_clinical_second_review,review-before-release,published_parameter_and_CI_match_only,false
ab-breast-photo-fast2020,brunt-2020-fast-10y,alpha-beta,true,`FAST_10y_JCO2020.pdf`,validated,p3_primary_numeric_and_uncertainty_crosscheck_pending,source_primary_table_equation_CI_and_basis_EQD2_or_BED_check,high,not_independently_clinically_validated,false
ab-breast-photo-fast2020-adjusted,brunt-2020-fast-10y,alpha-beta,true,`FAST_10y_JCO2020.pdf`,validated,p3_primary_numeric_and_uncertainty_crosscheck_pending,source_primary_table_equation_CI_and_basis_EQD2_or_BED_check,high,not_independently_clinically_validated,false
ab-breast-any-nte-fast2020,brunt-2020-fast-10y,alpha-beta,true,`FAST_10y_JCO2020.pdf`,validated,p3_primary_numeric_and_uncertainty_crosscheck_pending,source_primary_table_equation_CI_and_basis_EQD2_or_BED_check,high,not_independently_clinically_validated,false
ab-breast-shrinkage-fast2020,brunt-2020-fast-10y,alpha-beta,true,`FAST_10y_JCO2020.pdf`,validated,p3_primary_numeric_and_uncertainty_crosscheck_pending,source_primary_table_equation_CI_and_basis_EQD2_or_BED_check,high,not_independently_clinically_validated,false
ab-breast-induration-fast2020,brunt-2020-fast-10y,alpha-beta,true,`FAST_10y_JCO2020.pdf`,validated,p3_primary_numeric_and_uncertainty_crosscheck_pending,source_primary_table_equation_CI_and_basis_EQD2_or_BED_check,high,not_independently_clinically_validated,false
ab-breast-telangiectasia-fast2020,brunt-2020-fast-10y,alpha-beta,true,`FAST_10y_JCO2020.pdf`,validated,p3_primary_numeric_and_uncertainty_crosscheck_pending,source_primary_table_equation_CI_and_basis_EQD2_or_BED_check,high,not_independently_clinically_validated,false
ab-breast-edema-fast2020,brunt-2020-fast-10y,alpha-beta,true,`FAST_10y_JCO2020.pdf`,validated,p3_primary_numeric_and_uncertainty_crosscheck_pending,source_primary_table_equation_CI_and_basis_EQD2_or_BED_check,high,not_independently_clinically_validated,false
ab-breast-ibr-fastforward2026-adjusted,brunt-2026-fast-forward-10y,alpha-beta,true,`FAST-Forward_10y_LancetOncol2026_appendix.pdf` (+1 связанных),validated,p3_primary_numeric_and_uncertainty_crosscheck_pending,source_primary_table_equation_CI_and_basis_EQD2_or_BED_check,high,not_independently_clinically_validated,false
ab-breast-ibr-fastforward2026-unadjusted,brunt-2026-fast-forward-10y,alpha-beta,true,`FAST-Forward_10y_LancetOncol2026_appendix.pdf` (+1 связанных),validated,p3_primary_numeric_and_uncertainty_crosscheck_pending,source_primary_table_equation_CI_and_basis_EQD2_or_BED_check,high,not_independently_clinically_validated,false
ab-breast-chestwall-any-ae-fastforward2026,brunt-2026-fast-forward-10y,alpha-beta,true,`FAST-Forward_10y_LancetOncol2026_appendix.pdf` (+1 связанных),validated,p3_primary_numeric_and_uncertainty_crosscheck_pending,source_primary_table_equation_CI_and_basis_EQD2_or_BED_check,high,not_independently_clinically_validated,false
ab-oral-mucosa-mucositis-denham1995,denham-1995-oropharyngeal-mucosa,alpha-beta,false,Нет отдельного первичного файла,validated,p3_primary_numeric_and_uncertainty_crosscheck_pending,source_primary_table_equation_CI_and_basis_EQD2_or_BED_check,high-missing-direct-original,not_independently_clinically_validated,false
ab-skin-erythema-bcr2025,turesson-thames-1989-skin,alpha-beta,false,Нет отдельного первичного файла,validated,p3_primary_numeric_and_uncertainty_crosscheck_pending,source_primary_table_equation_CI_and_basis_EQD2_or_BED_check,high-missing-direct-original,not_independently_clinically_validated,false
ab-skin-telangiectasia-bcr2025,bentzen-turesson-thames-1990-telangiectasia,alpha-beta,false,Нет отдельного первичного файла,validated,p3_primary_numeric_and_uncertainty_crosscheck_pending,source_primary_table_equation_CI_and_basis_EQD2_or_BED_check,high-missing-direct-original,not_independently_clinically_validated,false
ab-subcutis-fibrosis-bcr2025,bentzen-overgaard-1991-postmastectomy,alpha-beta,false,Нет отдельного первичного файла,validated,p3_primary_numeric_and_uncertainty_crosscheck_pending,source_primary_table_equation_CI_and_basis_EQD2_or_BED_check,high-missing-direct-original,not_independently_clinically_validated,false
ab-bowel-stricture-perforation-bcr2025,bcr-2025-ch10-tables,alpha-beta,true,`Basic Clinical Radiobiology 2025.pdf`,validated,p3_primary_numeric_and_uncertainty_crosscheck_pending,source_primary_table_equation_CI_and_basis_EQD2_or_BED_check,high,not_independently_clinically_validated,false
ab-bowel-various-late-dische1999,dische-1999-cervix-late-bowel,alpha-beta,false,Нет отдельного первичного файла,validated,p3_primary_numeric_and_uncertainty_crosscheck_pending,source_primary_table_equation_CI_and_basis_EQD2_or_BED_check,high-missing-direct-original,not_independently_clinically_validated,false
ab-lung-pneumonitis-bentzen2000,bentzen-skoczylas-bernier-2000-lung,alpha-beta,false,Нет отдельного первичного файла,validated,p3_primary_numeric_and_uncertainty_crosscheck_pending,source_primary_table_equation_CI_and_basis_EQD2_or_BED_check,high-missing-direct-original,not_independently_clinically_validated,false
ab-lung-fibrosis-dubray1995,dubray-1995-lung-fibrosis,alpha-beta,false,Нет отдельного первичного файла,validated,p3_primary_numeric_and_uncertainty_crosscheck_pending,source_primary_table_equation_CI_and_basis_EQD2_or_BED_check,high-missing-direct-original,not_independently_clinically_validated,false
ab-hn-late-effects-stuschke1999,stuschke-thames-1999-head-neck,alpha-beta,false,Нет отдельного первичного файла,validated,p3_primary_numeric_and_uncertainty_crosscheck_pending,source_primary_table_equation_CI_and_basis_EQD2_or_BED_check,high-missing-direct-original,not_independently_clinically_validated,false
ab-hn-tumour-control-stuschke1999,stuschke-thames-1999-head-neck,alpha-beta,false,Нет отдельного первичного файла,validated,p3_primary_numeric_and_uncertainty_crosscheck_pending,source_primary_table_equation_CI_and_basis_EQD2_or_BED_check,high-missing-direct-original,not_independently_clinically_validated,false
ab-nsclc-stage-i-stuschke2010,stuschke-pottgen-2010-nsclc,alpha-beta,false,Нет отдельного первичного файла,validated,p3_primary_numeric_and_uncertainty_crosscheck_pending,source_primary_table_equation_CI_and_basis_EQD2_or_BED_check,high-missing-direct-original,not_independently_clinically_validated,false
ab-esophagus-pcr-geh2006,geh-2006-esophagus,alpha-beta,false,Нет отдельного первичного файла,validated,p3_primary_numeric_and_uncertainty_crosscheck_pending,source_primary_table_equation_CI_and_basis_EQD2_or_BED_check,high-missing-direct-original,not_independently_clinically_validated,false
ab-spinal-cord-myelopathy-jin2015,jin-2015-spinal-cord,alpha-beta,false,Нет отдельного первичного файла,validated,p3_primary_numeric_and_uncertainty_crosscheck_pending,source_primary_table_equation_CI_and_basis_EQD2_or_BED_check,high-missing-direct-original,not_independently_clinically_validated,false
ab-spinal-cord-myelopathy-schultheiss2008,schultheiss-2008-spinal-cord,alpha-beta,false,Нет отдельного первичного файла,validated,p3_primary_numeric_and_uncertainty_crosscheck_pending,source_primary_table_equation_CI_and_basis_EQD2_or_BED_check,high-missing-direct-original,not_independently_clinically_validated,false
t12-laryngeal-edema-chart1999,bentzen-saunders-dische-1999-repair,repair-half-time,false,Нет отдельного первичного файла,validated-primary,p3_external_primary_abstract_MC_parameter_CI_checked_full_pdf_pending,full_publisher_PDF_table_and_figures_then_independent_patient_level_model_review,critical,not_independently_clinically_validated,false
t12-skin-telangiectasia-chart1999,bentzen-saunders-dische-1999-repair,repair-half-time,false,Нет отдельного первичного файла,validated-primary,p3_external_primary_abstract_MC_parameter_CI_checked_full_pdf_pending,full_publisher_PDF_table_and_figures_then_independent_patient_level_model_review,critical,not_independently_clinically_validated,false
t12-subcutis-fibrosis-chart1999,bentzen-saunders-dische-1999-repair,repair-half-time,false,Нет отдельного первичного файла,validated-primary,p3_external_primary_abstract_MC_parameter_CI_checked_full_pdf_pending,full_publisher_PDF_table_and_figures_then_independent_patient_level_model_review,critical,not_independently_clinically_validated,false
t12-oral-mucositis-bcr2025,bentzen-ruifrok-thames-1996-repair,repair-half-time,false,Нет отдельного первичного файла,validated-primary,p3_external_primary_abstract_qualitative_range_checked_full_pdf_pending,full_publisher_PDF_table_and_figures_then_independent_patient_level_model_review,critical,not_independently_clinically_validated,false
t12-spinal-cord-myelopathy-bcr2025,bcr-2025-ch10-tables,repair-half-time,true,`Basic Clinical Radiobiology 2025.pdf`,deprecated-secondary-unverified,p3_external_primary_abstract_counterevidence_legacy_bound_unverified,BCR_exact_source_page_and_original_clinical_fit_needed_before_any_reactivation,critical,not_independently_clinically_validated,false
t12-temporal-lobe-necrosis-bcr2025,bcr-2025-ch10-tables,repair-half-time,true,`Basic Clinical Radiobiology 2025.pdf`,deprecated-secondary-unverified,p3_external_primary_abstract_counterevidence_legacy_bound_unverified,BCR_exact_source_page_and_original_clinical_fit_needed_before_any_reactivation,critical,not_independently_clinically_validated,false
dprolif-mucosa-chart2001,bentzen-saunders-dische-bond-2001-early,repopulation-time,false,Нет отдельного первичного файла,validated-primary,p3_primary_numeric_and_uncertainty_crosscheck_pending,source_primary_table_equation_CI_and_basis_EQD2_or_BED_check,critical,not_independently_clinically_validated,false
dprolif-skin-erythema-chart2001,bentzen-saunders-dische-bond-2001-early,repopulation-time,false,Нет отдельного первичного файла,validated-primary,p3_primary_numeric_and_uncertainty_crosscheck_pending,source_primary_table_equation_CI_and_basis_EQD2_or_BED_check,critical,not_independently_clinically_validated,false
dprolif-hn-various-bcr2025,bcr-2025-ch10-tables,repopulation-time,true,`Basic Clinical Radiobiology 2025.pdf`,deprecated-context-mismatch,p3_primary_numeric_and_uncertainty_crosscheck_pending,source_primary_table_equation_CI_and_basis_EQD2_or_BED_check,critical,not_independently_clinically_validated,false
dprolif-hn-various-alternative-bcr2025,hendry-1996-missed-days,repopulation-time,false,Нет отдельного первичного файла,validated-modelled-synthesis,p3_primary_numeric_and_uncertainty_crosscheck_pending,source_primary_table_equation_CI_and_basis_EQD2_or_BED_check,critical,not_independently_clinically_validated,false
dprolif-hn-larynx-bcr2025,bcr-2025-ch10-tables,repopulation-time,true,`Basic Clinical Radiobiology 2025.pdf`,deprecated-untraceable-summary,p3_primary_numeric_and_uncertainty_crosscheck_pending,source_primary_table_equation_CI_and_basis_EQD2_or_BED_check,critical,not_independently_clinically_validated,false
dprolif-larynx-roberts1994,roberts-1994-larynx-time,repopulation-time,false,Нет отдельного первичного файла,validated-primary,p3_primary_numeric_and_uncertainty_crosscheck_pending,source_primary_table_equation_CI_and_basis_EQD2_or_BED_check,critical,not_independently_clinically_validated,false
dprolif-hn-tonsil-bcr2025,withers-1995-tonsil-time,repopulation-time,false,Нет отдельного первичного файла,validated-primary,p3_primary_numeric_and_uncertainty_crosscheck_pending,source_primary_table_equation_CI_and_basis_EQD2_or_BED_check,critical,not_independently_clinically_validated,false
dprolif-lung-pneumonitis-bentzen2000,bentzen-skoczylas-bernier-2000-lung,repopulation-time,false,Нет отдельного первичного файла,validated-review,p3_primary_numeric_and_uncertainty_crosscheck_pending,source_primary_table_equation_CI_and_basis_EQD2_or_BED_check,critical,not_independently_clinically_validated,false
dprolif-esophagus-pcr-geh2006,geh-2006-esophagus,repopulation-time,false,Нет отдельного первичного файла,validated-primary,p3_primary_numeric_and_uncertainty_crosscheck_pending,source_primary_table_equation_CI_and_basis_EQD2_or_BED_check,critical,not_independently_clinically_validated,false
dprolif-nsclc-bcr2025,koukourakis-1996-nsclc-time,repopulation-time,false,Нет отдельного первичного файла,validated-primary,p3_primary_numeric_and_uncertainty_crosscheck_pending,source_primary_table_equation_CI_and_basis_EQD2_or_BED_check,critical,not_independently_clinically_validated,false
dprolif-medulloblastoma-bcr2025,hinata-2001-medulloblastoma-time,repopulation-time,false,Нет отдельного первичного файла,validated-primary,p3_primary_numeric_and_uncertainty_crosscheck_pending,source_primary_table_equation_CI_and_basis_EQD2_or_BED_check,critical,not_independently_clinically_validated,false
dprolif-medulloblastoma-tk21-hinata2001,hinata-2001-medulloblastoma-time,repopulation-time,false,Нет отдельного первичного файла,validated-primary,p3_primary_numeric_and_uncertainty_crosscheck_pending,source_primary_table_equation_CI_and_basis_EQD2_or_BED_check,critical,not_independently_clinically_validated,false
dprolif-prostate-bcr2025,thames-2010-prostate-time,repopulation-time,false,Нет отдельного первичного файла,validated-primary-point-only,p3_primary_numeric_and_uncertainty_crosscheck_pending,source_primary_table_equation_CI_and_basis_EQD2_or_BED_check,critical,not_independently_clinically_validated,false
dprolif-breast-bcr2025,haviland-2016-breast-time,repopulation-time,false,Нет отдельного первичного файла,validated-primary,p3_primary_numeric_and_uncertainty_crosscheck_pending,source_primary_table_equation_CI_and_basis_EQD2_or_BED_check,critical,not_independently_clinically_validated,false
hytec-optic-dmax-1fx-10gy,milano-2021-hytec-optic,hytec-clinical-and-outcome,true,`HyTEC_07_Milano_2021_Optic_pathways_tolerance.pdf` (+1 связанных),validated,p2_source_review_in_separate_73_record_ledger,refer_to_P2_73_ledger_for_actual_point_and_endpoint_status,P2-gated,not_independently_clinically_validated,false
hytec-optic-dmax-3fx-20gy,milano-2021-hytec-optic,hytec-clinical-and-outcome,true,`HyTEC_07_Milano_2021_Optic_pathways_tolerance.pdf` (+1 связанных),validated,p2_source_review_in_separate_73_record_ledger,refer_to_P2_73_ledger_for_actual_point_and_endpoint_status,P2-gated,not_independently_clinically_validated,false
hytec-optic-dmax-5fx-25gy,milano-2021-hytec-optic,hytec-clinical-and-outcome,true,`HyTEC_07_Milano_2021_Optic_pathways_tolerance.pdf` (+1 связанных),validated,p2_source_review_in_separate_73_record_ledger,refer_to_P2_73_ledger_for_actual_point_and_endpoint_status,P2-gated,not_independently_clinically_validated,false
hytec-brain-v12-5cc-symptomatic-rn,milano-2021-hytec-brain,hytec-clinical-and-outcome,true,`HyTEC_06_Milano_2021_Brain_tolerance_SRS.pdf` (+3 связанных),validated,p2_source_review_in_separate_73_record_ledger,refer_to_P2_73_ledger_for_actual_point_and_endpoint_status,P2-gated,not_independently_clinically_validated,false
hytec-brain-v12-10cc-symptomatic-rn,milano-2021-hytec-brain,hytec-clinical-and-outcome,true,`HyTEC_06_Milano_2021_Brain_tolerance_SRS.pdf` (+3 связанных),validated,p2_source_review_in_separate_73_record_ledger,refer_to_P2_73_ledger_for_actual_point_and_endpoint_status,P2-gated,not_independently_clinically_validated,false
hytec-brain-v12-over15cc-symptomatic-rn,milano-2021-hytec-brain,hytec-clinical-and-outcome,true,`HyTEC_06_Milano_2021_Brain_tolerance_SRS.pdf` (+3 связанных),validated,p2_source_review_in_separate_73_record_ledger,refer_to_P2_73_ledger_for_actual_point_and_endpoint_status,P2-gated,not_independently_clinically_validated,false
hytec-brain-v20-3fx-any-necrosis-edema,milano-2021-hytec-brain,hytec-clinical-and-outcome,true,`HyTEC_06_Milano_2021_Brain_tolerance_SRS.pdf` (+3 связанных),validated,p2_source_review_in_separate_73_record_ledger,refer_to_P2_73_ledger_for_actual_point_and_endpoint_status,P2-gated,not_independently_clinically_validated,false
hytec-brain-v20-3fx-resection,milano-2021-hytec-brain,hytec-clinical-and-outcome,true,`HyTEC_06_Milano_2021_Brain_tolerance_SRS.pdf` (+3 связанных),validated,p2_source_review_in_separate_73_record_ledger,refer_to_P2_73_ledger_for_actual_point_and_endpoint_status,P2-gated,not_independently_clinically_validated,false
hytec-brain-v24-5fx-any-necrosis-edema,milano-2021-hytec-brain,hytec-clinical-and-outcome,true,`HyTEC_06_Milano_2021_Brain_tolerance_SRS.pdf` (+3 связанных),validated,p2_source_review_in_separate_73_record_ledger,refer_to_P2_73_ledger_for_actual_point_and_endpoint_status,P2-gated,not_independently_clinically_validated,false
hytec-brain-v24-5fx-resection,milano-2021-hytec-brain,hytec-clinical-and-outcome,true,`HyTEC_06_Milano_2021_Brain_tolerance_SRS.pdf` (+3 связанных),validated,p2_source_review_in_separate_73_record_ledger,refer_to_P2_73_ledger_for_actual_point_and_endpoint_status,P2-gated,not_independently_clinically_validated,false
hytec-cord-dmax-1fx-risk-range,sahgal-2021-hytec-spinal-cord,hytec-clinical-and-outcome,true,`HyTEC_10_Sahgal_2021_Spinal_cord_tolerance.pdf`,validated,p2_source_review_in_separate_73_record_ledger,refer_to_P2_73_ledger_for_actual_point_and_endpoint_status,P2-gated,not_independently_clinically_validated,false
hytec-cord-dmax-2fx-17gy,sahgal-2021-hytec-spinal-cord,hytec-clinical-and-outcome,true,`HyTEC_10_Sahgal_2021_Spinal_cord_tolerance.pdf`,validated,p2_source_review_in_separate_73_record_ledger,refer_to_P2_73_ledger_for_actual_point_and_endpoint_status,P2-gated,not_independently_clinically_validated,false
hytec-cord-dmax-3fx-20p3gy,sahgal-2021-hytec-spinal-cord,hytec-clinical-and-outcome,true,`HyTEC_10_Sahgal_2021_Spinal_cord_tolerance.pdf`,validated,p2_source_review_in_separate_73_record_ledger,refer_to_P2_73_ledger_for_actual_point_and_endpoint_status,P2-gated,not_independently_clinically_validated,false
hytec-cord-dmax-4fx-23gy,sahgal-2021-hytec-spinal-cord,hytec-clinical-and-outcome,true,`HyTEC_10_Sahgal_2021_Spinal_cord_tolerance.pdf`,validated,p2_source_review_in_separate_73_record_ledger,refer_to_P2_73_ledger_for_actual_point_and_endpoint_status,P2-gated,not_independently_clinically_validated,false
hytec-cord-dmax-5fx-25p3gy,sahgal-2021-hytec-spinal-cord,hytec-clinical-and-outcome,true,`HyTEC_10_Sahgal_2021_Spinal_cord_tolerance.pdf`,validated,p2_source_review_in_separate_73_record_ledger,refer_to_P2_73_ledger_for_actual_point_and_endpoint_status,P2-gated,not_independently_clinically_validated,false
hytec-spinal-cord-reirradiation-lower-risk-factors,sahgal-2021-hytec-spinal-cord,hytec-clinical-and-outcome,true,`HyTEC_10_Sahgal_2021_Spinal_cord_tolerance.pdf`,validated,p2_source_review_in_separate_73_record_ledger,refer_to_P2_73_ledger_for_actual_point_and_endpoint_status,P2-gated,not_independently_clinically_validated,false
hytec-brain-mets-1y-local-control,redmond-2021-hytec-brain-mets-tcp,hytec-clinical-and-outcome,true,`HyTEC_05_Redmond_2021_Brain_metastases_TCP.pdf` (+1 связанных),validated,p2_source_review_in_separate_73_record_ledger,refer_to_P2_73_ledger_for_actual_point_and_endpoint_status,P2-gated,not_independently_clinically_validated,false
hytec-vestibular-schwannoma-3to5y-tcp,soltys-2021-hytec-vestibular-tcp,hytec-clinical-and-outcome,true,`HyTEC_08_Soltys_2021_Vestibular_schwannoma_TCP.pdf` (+1 связанных),validated,p2_source_review_in_separate_73_record_ledger,refer_to_P2_73_ledger_for_actual_point_and_endpoint_status,P2-gated,not_independently_clinically_validated,false
hytec-spinal-mets-2y-tcp,soltys-2021-hytec-spinal-mets-tcp,hytec-clinical-and-outcome,true,`HyTEC_09_Soltys_2021_Spinal_metastases_TCP.pdf` (+1 связанных),validated,p2_source_review_in_separate_73_record_ledger,refer_to_P2_73_ledger_for_actual_point_and_endpoint_status,P2-gated,not_independently_clinically_validated,false
hytec-liver-metastases-bed10-local-control,ohri-2021-hytec-liver-local-control,hytec-clinical-and-outcome,true,`HyTEC_15_Ohri_2021_Liver_tumors_local_control.pdf`,validated,p2_source_review_in_separate_73_record_ledger,refer_to_P2_73_ledger_for_actual_point_and_endpoint_status,P2-gated,not_independently_clinically_validated,false
hytec-adrenal-metastases-1y-tcp,stumpf-2021-hytec-adrenal-tcp,hytec-clinical-and-outcome,true,`HyTEC_18_Stumpf_2021_Adrenal_TCP.pdf`,validated,p2_source_review_in_separate_73_record_ledger,refer_to_P2_73_ledger_for_actual_point_and_endpoint_status,P2-gated,not_independently_clinically_validated,false
hytec-prostate-sbrt-5y-tcp,royce-2021-hytec-prostate-tcp,hytec-clinical-and-outcome,true,`HyTEC_19_Royce_2021_Prostate_TCP.pdf` (+1 связанных),validated,p2_source_review_in_separate_73_record_ledger,refer_to_P2_73_ledger_for_actual_point_and_endpoint_status,P2-gated,not_independently_clinically_validated,false
nsclc-stage-i-size-adjusted-2y-tcp,ohri-2012-nsclc-size-tcp,hytec-clinical-and-outcome,false,Нет отдельного первичного файла,validated-primary,p2_source_review_in_separate_73_record_ledger,refer_to_P2_73_ledger_for_actual_point_and_endpoint_status,high-missing-direct-original,not_independently_clinically_validated,false
hytec-hn-reirradiation-local-control,vargo-2021-hytec-hn-reirradiation-tcp,hytec-clinical-and-outcome,true,`HyTEC_11_Vargo_2021_Head-neck_reirradiation_TCP.pdf`,validated,p2_source_review_in_separate_73_record_ledger,refer_to_P2_73_ledger_for_actual_point_and_endpoint_status,P2-gated,not_independently_clinically_validated,false
hytec-pancreas-1y-local-control,mahadevan-2021-hytec-pancreas-tcp,hytec-clinical-and-outcome,true,`HyTEC_17_Mahadevan_2021_Pancreas_SBRT.pdf` (+1 связанных),validated,p2_source_review_in_separate_73_record_ledger,refer_to_P2_73_ledger_for_actual_point_and_endpoint_status,P2-gated,not_independently_clinically_validated,false
hytec-major-vessel-d0p5cc-5fx-20gy,grimm-2021-hytec-major-vessels,hytec-clinical-and-outcome,true,`HyTEC_12_Grimm_2021_Carotid_blowout_tolerance.pdf` (+1 связанных),validated,p2_source_review_in_separate_73_record_ledger,refer_to_P2_73_ledger_for_actual_point_and_endpoint_status,P2-gated,not_independently_clinically_validated,false
hytec-major-vessel-dmax-5fx-20gy-risk,grimm-2021-hytec-major-vessels,hytec-clinical-and-outcome,true,`HyTEC_12_Grimm_2021_Carotid_blowout_tolerance.pdf` (+1 связанных),validated,p2_source_review_in_separate_73_record_ledger,refer_to_P2_73_ledger_for_actual_point_and_endpoint_status,P2-gated,not_independently_clinically_validated,false
hytec-major-vessel-dmax-5fx-30gy-risk,grimm-2021-hytec-major-vessels,hytec-clinical-and-outcome,true,`HyTEC_12_Grimm_2021_Carotid_blowout_tolerance.pdf` (+1 связанных),validated,p2_source_review_in_separate_73_record_ledger,refer_to_P2_73_ledger_for_actual_point_and_endpoint_status,P2-gated,not_independently_clinically_validated,false
hytec-lung-rilt-mean-dose-under8gy,kong-2021-hytec-lung-parenchyma,hytec-clinical-and-outcome,true,`HyTEC_14_Kong_2021_Lung_parenchyma_tolerance.pdf` (+1 связанных),validated,p2_source_review_in_separate_73_record_ledger,refer_to_P2_73_ledger_for_actual_point_and_endpoint_status,P2-gated,not_independently_clinically_validated,false
hytec-lung-rilt-v20-10to15pct,kong-2021-hytec-lung-parenchyma,hytec-clinical-and-outcome,true,`HyTEC_14_Kong_2021_Lung_parenchyma_tolerance.pdf` (+1 связанных),validated,p2_source_review_in_separate_73_record_ledger,refer_to_P2_73_ledger_for_actual_point_and_endpoint_status,P2-gated,not_independently_clinically_validated,false
hytec-liver-primary-mld-3fx-13gy,miften-2021-hytec-liver-toxicity,hytec-clinical-and-outcome,true,`HyTEC_16_Miften_2021_Liver_dose-volume_effects.pdf`,validated,p2_source_review_in_separate_73_record_ledger,refer_to_P2_73_ledger_for_actual_point_and_endpoint_status,P2-gated,not_independently_clinically_validated,false
hytec-liver-primary-mld-6fx-18gy,miften-2021-hytec-liver-toxicity,hytec-clinical-and-outcome,true,`HyTEC_16_Miften_2021_Liver_dose-volume_effects.pdf`,validated,p2_source_review_in_separate_73_record_ledger,refer_to_P2_73_ledger_for_actual_point_and_endpoint_status,P2-gated,not_independently_clinically_validated,false
hytec-liver-metastases-mld-3fx-15gy,miften-2021-hytec-liver-toxicity,hytec-clinical-and-outcome,true,`HyTEC_16_Miften_2021_Liver_dose-volume_effects.pdf`,validated,p2_source_review_in_separate_73_record_ledger,refer_to_P2_73_ledger_for_actual_point_and_endpoint_status,P2-gated,not_independently_clinically_validated,false
hytec-liver-metastases-mld-6fx-20gy,miften-2021-hytec-liver-toxicity,hytec-clinical-and-outcome,true,`HyTEC_16_Miften_2021_Liver_dose-volume_effects.pdf`,validated,p2_source_review_in_separate_73_record_ledger,refer_to_P2_73_ledger_for_actual_point_and_endpoint_status,P2-gated,not_independently_clinically_validated,false
hytec-liver-spared-vle15gy-700cc,miften-2021-hytec-liver-toxicity,hytec-clinical-and-outcome,true,`HyTEC_16_Miften_2021_Liver_dose-volume_effects.pdf`,validated,p2_source_review_in_separate_73_record_ledger,refer_to_P2_73_ledger_for_actual_point_and_endpoint_status,P2-gated,not_independently_clinically_validated,false
hytec-liver-spared-vle17gy-700cc,miften-2021-hytec-liver-toxicity,hytec-clinical-and-outcome,true,`HyTEC_16_Miften_2021_Liver_dose-volume_effects.pdf`,validated,p2_source_review_in_separate_73_record_ledger,refer_to_P2_73_ledger_for_actual_point_and_endpoint_status,P2-gated,not_independently_clinically_validated,false
hytec-prostate-sbrt-bladder-vrx-5to10cc,wang-2021-hytec-prostate-toxicity,hytec-clinical-and-outcome,true,`HyTEC_20_Wang_2021_Prostate_toxicity.pdf` (+1 связанных),validated,p2_source_review_in_separate_73_record_ledger,refer_to_P2_73_ledger_for_actual_point_and_endpoint_status,P2-gated,not_independently_clinically_validated,false
hytec-prostate-sbrt-urethra-dmax-38to42gy,wang-2021-hytec-prostate-toxicity,hytec-clinical-and-outcome,true,`HyTEC_20_Wang_2021_Prostate_toxicity.pdf` (+1 связанных),validated,p2_source_review_in_separate_73_record_ledger,refer_to_P2_73_ledger_for_actual_point_and_endpoint_status,P2-gated,not_independently_clinically_validated,false
hytec-prostate-sbrt-rectum-dmax-35to38gy,wang-2021-hytec-prostate-toxicity,hytec-clinical-and-outcome,true,`HyTEC_20_Wang_2021_Prostate_toxicity.pdf` (+1 связанных),validated,p2_source_review_in_separate_73_record_ledger,refer_to_P2_73_ledger_for_actual_point_and_endpoint_status,P2-gated,not_independently_clinically_validated,false
