source_id,original_file,source_locator,record_id,endpoint_in_paper,alpha_beta_gy,ci95_low_gy,ci95_high_gy,n_patients,endpoint_tag,source_model_comparison,hfc_auto_selection,verification
brand-2021-chhip-rectal,Brand_2021_IJROBP_rectal_alpha-beta.pdf,"PDF p8 (print 603), Table3; p9 Table4",ab-rectum-bleeding-g1-brand2021,rectal bleeding G1+,1.6,0.9,2.5,2008,rectal-bleeding-G1,p=.00032 vs fixed4.8Gy,eligible,published_Table_parameters_independently_transcribed
brand-2021-chhip-rectal,Brand_2021_IJROBP_rectal_alpha-beta.pdf,"PDF p8 (print 603), Table3; p9 Table4",ab-rectum-bleeding-g2-brand2021,rectal bleeding G2+,1.7,0.7,3,2006,rectal-bleeding-G2,no significance vs fixed3Gy,explicit-only,published_Table_parameters_independently_transcribed
brand-2021-chhip-rectal,Brand_2021_IJROBP_rectal_alpha-beta.pdf,"PDF p8 (print 603), Table3; p9 Table4",ab-rectum-frequency-g1-brand2021,rectal stool frequency G1+,2.3,0.9,5.3,2025,rectal-frequency-G1,fixed3Gy model fits at least as well,explicit-only,published_Table_parameters_independently_transcribed
brand-2021-chhip-rectal,Brand_2021_IJROBP_rectal_alpha-beta.pdf,"PDF p8 (print 603), Table3; p9 Table4",ab-rectum-frequency-g2-brand2021,rectal stool frequency G2+,2.7,0.9,8.5,2021,rectal-frequency-G2,fixed3Gy at least as well; DMF IBD P=.00041,explicit-only,published_Table_parameters_independently_transcribed
brand-2021-chhip-rectal,Brand_2021_IJROBP_rectal_alpha-beta.pdf,"PDF p8 (print 603), Table3; p9 Table4",ab-rectum-pain-g1-brand2021,rectal pain G1+,3.6,0,839.6,2185,rectal-pain-G1,poor fit/unconstrained CI,explicit-only,published_Table_parameters_independently_transcribed
brand-2021-chhip-rectal,Brand_2021_IJROBP_rectal_alpha-beta.pdf,"PDF p8 (print 603), Table3; p9 Table4",ab-rectum-proctitis-g1-brand2021,rectal proctitis G1+,2.7,1.5,5.4,2147,rectal-proctitis-G1,fixed3Gy not worse; IBD DMF p=.00046,explicit-only,published_Table_parameters_independently_transcribed
brand-2021-chhip-rectal,Brand_2021_IJROBP_rectal_alpha-beta.pdf,"PDF p8 (print 603), Table3; p9 Table4",ab-rectum-proctitis-g2-brand2021,rectal proctitis G2+,2.7,1.3,15.1,2146,rectal-proctitis-G2,fixed3Gy not worse; large CI,explicit-only,published_Table_parameters_independently_transcribed
brand-2021-chhip-rectal,Brand_2021_IJROBP_rectal_alpha-beta.pdf,"PDF p8 (print 603), Table3; p9 Table4",ab-rectum-sphincter-g1-brand2021,rectal sphincter control G1+,3.1,1.4,9.1,2199,rectal-sphincter-G1,free alpha/beta not uniquely favoured,explicit-only,published_Table_parameters_independently_transcribed
brand-2021-chhip-rectal,Brand_2021_IJROBP_rectal_alpha-beta.pdf,"PDF p8 (print 603), Table3; p9 Table4",ab-rectum-stricture-ulcer-g1-brand2021,rectal stricture/ulcer G1+,2.5,0.9,8.2,2206,rectal-stricture-G1,rare outcome 79/2206,explicit-only,published_Table_parameters_independently_transcribed
brand-2023-chhip-gu,Brand_2022_IJROBP_GU_alpha-beta.pdf,"PDF p6 (print 332), Table2",ab-gu-dysuria-g1-brand2023,dysuria G1+,2,1.2,3.2,2111,gu-dysuria-G1,EQD2 vs no EQD2 p=.0046,eligible,published_Table_parameters_independently_transcribed
brand-2023-chhip-gu,Brand_2022_IJROBP_GU_alpha-beta.pdf,"PDF p6 (print 332), Table2",ab-gu-dysuria-g2-brand2023,dysuria G2+,1.6,0.1,36,2111,gu-dysuria-G2,worse 0.632 fit,explicit-only,published_Table_parameters_independently_transcribed
brand-2023-chhip-gu,Brand_2022_IJROBP_GU_alpha-beta.pdf,"PDF p6 (print 332), Table2",ab-gu-hematuria-g1-brand2023,haematuria G1+,0.9,0.1,2.2,2053,gu-hematuria-G1,EQD2 vs no EQD2 p=.034,eligible,published_Table_parameters_independently_transcribed
brand-2023-chhip-gu,Brand_2022_IJROBP_GU_alpha-beta.pdf,"PDF p6 (print 332), Table2",ab-gu-hematuria-g2-brand2023,haematuria G2+,0.6,0.1,1.7,2050,gu-hematuria-G2,EQD2 vs no EQD2 p=.015,eligible,published_Table_parameters_independently_transcribed
brand-2023-chhip-gu,Brand_2022_IJROBP_GU_alpha-beta.pdf,"PDF p6 (print 332), Table2",ab-gu-incontinence-g1-brand2023,incontinence G1+,1,0.1,17.6,1927,gu-incontinence-G1,worse 0.632 fit,explicit-only,published_Table_parameters_independently_transcribed
brand-2023-chhip-gu,Brand_2022_IJROBP_GU_alpha-beta.pdf,"PDF p6 (print 332), Table2",ab-gu-incontinence-g2-brand2023,incontinence G2+,1.5,0.1,6.2,1923,gu-incontinence-G2,p=.24,explicit-only,published_Table_parameters_independently_transcribed
brand-2023-chhip-gu,Brand_2022_IJROBP_GU_alpha-beta.pdf,"PDF p6 (print 332), Table2",ab-gu-reduced-flow-g1-brand2023,reduced flow/stricture G1+,1.9,0.1,424.6,1743,gu-reducedflow-G1,p=.35; CI huge,explicit-only,published_Table_parameters_independently_transcribed
brand-2023-chhip-gu,Brand_2022_IJROBP_GU_alpha-beta.pdf,"PDF p6 (print 332), Table2",ab-gu-reduced-flow-g2-brand2023,reduced flow/stricture G2+,0.7,0.1,991.9,1743,gu-reducedflow-G2,worse 0.632 fit,explicit-only,published_Table_parameters_independently_transcribed
brand-2023-chhip-gu,Brand_2022_IJROBP_GU_alpha-beta.pdf,"PDF p6 (print 332), Table2",ab-gu-frequency-g1-brand2023,urine frequency G1+,1.9,0.1,997.8,654,gu-frequency-G1,worse 0.632 fit,explicit-only,published_Table_parameters_independently_transcribed
brand-2023-chhip-gu,Brand_2022_IJROBP_GU_alpha-beta.pdf,"PDF p6 (print 332), Table2",ab-gu-frequency-g2-brand2023,urine frequency G2+,3.3,0.1,996,647,gu-frequency-G2,worse 0.632 fit,explicit-only,published_Table_parameters_independently_transcribed
