record_id,source_id,primary_pmid,primary_doi,published_endpoint,published_parameter_gy_per_day,published_ci95_low,published_ci95_high,source_dose_basis_interpretation,critical_caveat,source_validation_depth,pdf_original_user_supplied,clinical_approved
dprolif-mucosa-chart2001,bentzen-saunders-dische-bond-2001-early,11439207,10.1016/S0167-8140(01)00358-9,human mucosa acute mucositis,0.8,0.7,1.1,not_confirmed_as_EQD2_from_abstract,Tk not estimated in accessible source abstract,author_abstract_numeric_matched_full_model_pending,false,false
dprolif-skin-erythema-chart2001,bentzen-saunders-dische-bond-2001-early,11439207,10.1016/S0167-8140(01)00358-9,early skin erythema,0.12,-0.12,0.22,not_confirmed_as_EQD2_from_abstract,CI includes zero; no universal Tk,author_abstract_numeric_matched_full_model_pending,false,false
dprolif-larynx-roberts1994,roberts-1994-larynx-time,8087485,10.1259/0007-1285-67-800-790,node-negative larynx local control,0.8,0.5,1.1,extra_physical_dose_per_day_EQD2_mapping_unverified,Tk 21 days CI 0 to 27; lag not statistically significant,author_abstract_numeric_matched_full_model_pending,false,false
dprolif-medulloblastoma-bcr2025,hinata-2001-medulloblastoma-time,11383644,,medulloblastoma 5y local control Tk0,0.52,0.29,0.75,tBED_gamma_over_alpha_BED_per_day_not_EQD2,Tk fixed at 0 days alpha/beta fixed 10 Gy,author_abstract_numeric_matched_full_model_pending,false,false
dprolif-medulloblastoma-tk21-hinata2001,hinata-2001-medulloblastoma-time,11383644,,medulloblastoma 5y local control Tk21,0.55,0.3,0.8,tBED_gamma_over_alpha_BED_per_day_not_EQD2,Tk fixed at 21 days alpha/beta fixed 10 Gy,author_abstract_numeric_matched_full_model_pending,false,false
dprolif-breast-bcr2025,haviland-2016-breast-time,27666929,10.1016/j.radonc.2016.08.027,breast local regional relapse,0.6,0.1,1.18,not_confirmed_as_EQD2_from_abstract,Hypothesis-generating START-B-driven time effect; no fitted Tk,author_abstract_numeric_matched_full_model_pending,false,false
dprolif-hn-various-bcr2025,bcr-2025-ch10-tables,,,,,,,not_assessed,Primary parameter and complete source numeric/dose basis not independently verified,pending_primary_numeric_and_units,true,false
dprolif-hn-various-alternative-bcr2025,hendry-1996-missed-days,,,,,,,not_assessed,Primary parameter and complete source numeric/dose basis not independently verified,pending_primary_numeric_and_units,false,false
dprolif-hn-larynx-bcr2025,bcr-2025-ch10-tables,,,,,,,not_assessed,Primary parameter and complete source numeric/dose basis not independently verified,pending_primary_numeric_and_units,true,false
dprolif-hn-tonsil-bcr2025,withers-1995-tonsil-time,,,,,,,not_assessed,Primary parameter and complete source numeric/dose basis not independently verified,pending_primary_numeric_and_units,false,false
dprolif-lung-pneumonitis-bentzen2000,bentzen-skoczylas-bernier-2000-lung,,,,,,,not_assessed,Primary parameter and complete source numeric/dose basis not independently verified,pending_primary_numeric_and_units,false,false
dprolif-esophagus-pcr-geh2006,geh-2006-esophagus,,,,,,,not_assessed,Primary parameter and complete source numeric/dose basis not independently verified,pending_primary_numeric_and_units,false,false
dprolif-nsclc-bcr2025,koukourakis-1996-nsclc-time,,,,,,,not_assessed,Primary parameter and complete source numeric/dose basis not independently verified,pending_primary_numeric_and_units,false,false
dprolif-prostate-bcr2025,thames-2010-prostate-time,,,,,,,not_assessed,Primary parameter and complete source numeric/dose basis not independently verified,pending_primary_numeric_and_units,false,false
